Segment	Junction_First_Position	Junction_Second_Position	Strand	Len_not_Spliced	Len_Spliced	GC_not_Spliced	GC_Spliced	Seq3(maxentscan)	Seq5(maxentscan)	MaxEntScan3	MaxEntScan5	not_Spliced	Spliced
CY010795.1	167	2195	+	2280	251	44.07894736842105	44.6215139442231	GAAGGCTAATGTGCTAATTGGGC	TGATGGCAA	-31.9136840922	-6.74180412924	ATGGAAAGAATAAAAGAACTAAGGAATCTAATGTCGCAGTCTCGCACTCGCGAGATACTCACAAAAACCACCGTGGACCATATGGCCATAATCAAGAAGTACACATCAGGAAGACAGGAGAAGAACCCAGCACTTAGGATGAAATGGATGATGGCAATGAAATATCCAATTACAGCAGACAAGAGGATAACGGAAATGATTCCTGAGAGAAATGAGCAGGGACAAACTTTATGGAGTAAAATGAATGACGCCGGATCAGACCGAGTGATGGTATCACCTCTGGCTGTGACATGGTGGAATAGGAATGGACCAGTGACAAGTACAGTTCATTATCCAAAAATCTACAAAACTTATTTTGAAAAAGTCGAAAGGTTAAAACATGGAACCTTTGGCCCTGTCCATTTTAGAAACCAAGTCAAAATACGTCGAAGAGTTGACATAAATCCTGGTCATGCAGATCTCAGTGCCAAAGAGGCACAGGATGTAATCATGGAAGTTGTTTTCCCTAACGAAGTGGGAGCCAGGATACTAACATCGGAATCGCAACTAACGACAACCAAAGAGAAGAAAGAAGAACTCCAGGGTTGCAAAATTTCTCCTCTGATGGTGGCATACATGTTGGAGAGAGAACTGGTCCGCAAAACGAGATTCCTCCCAGTGGCTGGTGGAACAAGCAGTGTGTACATTGAAGTGTTGCATTTGACCCAAGGAACATGCTGGGAACAGATGTACACTCCAGGAGGGGAGGCGAGGAATGATGATGTTGATCAAAGCTTAATTATTGCTGCTAGAAACATAGTAAGAAGAGCCACAGTATCAGCAGATCCACTAGCATCTTTATTGGAGATGTGCCACAGCACGCAGATTGGTGGAATAAGGATGGTAAACATCCTTAGGCAGAACCCAACAGAAGAGCAAGCCGTGGATATTTGCAAGGCTGCAATGGGACTGAGAATTAGCTCATCCTTCAGTTTTGGTGGATTCACATTTAAGAGAACAAGCGGATCATCAGTCAAGAGAGAGGAAGAGGTGCTTACGGGCAATCTTCAGACATTGAAGATAAGAGTGCATGAGGGATATGAAGAGTTCACAATGGTTGGGAGAAGAGCAACAGCTATACTCAGAAAAGCAACCAGGAGATTGATTCAGCTGATAGTGAGTGGGAGAGACGAACAGTCGATTGCCGAAGCAATAATTGTGGCCATGGTATTTTCACAAGAGGATTGTATGATAAAAGCAGTTAGAGGTGACCTGAATTTCGTCAATAGGGCGAATCAGCGATTGAATCCCATGCACCAACTTTTGAGACATTTTCAGAAGGATGCAAAGGTGCTCTTTCAAAATTGGGGAATTGAATCCATCGACAATGTGATGGGAATGATCGGGATATTGCCCGACATGACTCCAAGCACCGAGATGTCAATGAGAGGAGTGAGAATCAGCAAAATGGGGGTAGATGAGTATTCCAGCGCGGAGAAGATAGTGGTGAGCATTGACCGTTTTTTGAGAGTTAGGGACCAACGTGGGAATGTACTACTGTCTCCCGAGGAGGTCAGTGAAACACAGGGAACAGAGAAACTGACAATAACTTACTCATCGTCAATGATGTGGGAGATTAATGGTCCTGAATCAGTGTTGGTCAATACCTATCAGTGGATCATCAGAAACTGGGAAACTGTTAAAATTCAGTGGTCCCAGAATCCTACAATGCTGTACAATAAAATGGAATTTGAGCCATTTCAGTCTTTAGTTCCAAAGGCCGTTAGAGGCCAATACAGTGGGTTTGTGAGAACTCTGTTCCAACAAATGAGGGATGTGCTTGGGACATTTGATACCGCTCAGATAATAAAACTTCTTCCCTTCGCAGCCGCTCCACCAAAGCAAAGTGGAATGCAGTTCTCCTCATTGACTATAAATGTGAGGGGATCAGGAATGAGAATACTTGTAAGGGGCAATTCTCCAGTATTCAACTACAACAAGACCACTAAAAGACTCACAGTTCTCGGAAAGGATGCTGGCCCTTTAACTGAAGACCCAGATGAAGGCACAGCTGGAGTTGAGTCCGCAGTTCTGAGAGGATTCCTCATTCTGGGCAAAGAAGACAGGAGATATGGACCAGCATTAAGCATAAATGAACTGAGCAACCTTGCGAAAGGAGAGAAGGCTAATGTGCTAATTGGGCAAGGAGACGTGGTGTTGGTAATGAAACGGAAACGGAACTCTAGCATACTTACTGACAGCCAGACAGCGACCAAAAGAATTCGGATGGCCATCAATTAG	ATGGAAAGAATAAAAGAACTAAGGAATCTAATGTCGCAGTCTCGCACTCGCGAGATACTCACAAAAACCACCGTGGACCATATGGCCATAATCAAGAAGTACACATCAGGAAGACAGGAGAAGAACCCAGCACTTAGGATGAAATGGATGAGCAAGGAGACGTGGTGTTGGTAATGAAACGGAAACGGAACTCTAGCATACTTACTGACAGCCAGACAGCGACCAAAAGAATTCGGATGGCCATCAATTAG
CY010795.1	167	2195	-	2280	251	44.07894736842105	44.6215139442231	GAAGGCTAATGTGCTAATTGGGC	TGATGGCAA	-31.9136840922	-6.74180412924	ACACTAATTGATGGCCATCCGAATTCTTTTGGTCGCTGTCTGGCTGTCAGTAAGTATGCTAGAGTTCCGTTTCCGTTTCATTACCAACACCACGTCTCCTTGCCCAATTAGCACATTAGCCTTCTCTCCTTTCGCAAGGTTGCTCAGTTCATTTATGCTTAATGCTGGTCCATATCTCCTGTCTTCTTTGCCCAGAATGAGGAATCCTCTCAGAACTGCGGACTCAACTCCAGCTGTGCCTTCATCTGGGTCTTCAGTTAAAGGGCCAGCATCCTTTCCGAGAACTGTGAGTCTTTTAGTGGTCTTGTTGTAGTTGAATACTGGAGAATTGCCCCTTACAAGTATTCTCATTCCTGATCCCCTCACATTTATAGTCAATGAGGAGAACTGCATTCCACTTTGCTTTGGTGGAGCGGCTGCGAAGGGAAGAAGTTTTATTATCTGAGCGGTATCAAATGTCCCAAGCACATCCCTCATTTGTTGGAACAGAGTTCTCACAAACCCACTGTATTGGCCTCTAACGGCCTTTGGAACTAAAGACTGAAATGGCTCAAATTCCATTTTATTGTACAGCATTGTAGGATTCTGGGACCACTGAATTTTAACAGTTTCCCAGTTTCTGATGATCCACTGATAGGTATTGACCAACACTGATTCAGGACCATTAATCTCCCACATCATTGACGATGAGTAAGTTATTGTCAGTTTCTCTGTTCCCTGTGTTTCACTGACCTCCTCGGGAGACAGTAGTACATTCCCACGTTGGTCCCTAACTCTCAAAAAACGGTCAATGCTCACCACTATCTTCTCCGCGCTGGAATACTCATCTACCCCCATTTTGCTGATTCTCACTCCTCTCATTGACATCTCGGTGCTTGGAGTCATGTCGGGCAATATCCCGATCATTCCCATCACATTGTCGATGGATTCAATTCCCCAATTTTGAAAGAGCACCTTTGCATCCTTCTGAAAATGTCTCAAAAGTTGGTGCATGGGATTCAATCGCTGATTCGCCCTATTGACGAAATTCAGGTCACCTCTAACTGCTTTTATCATACAATCCTCTTGTGAAAATACCATGGCCACAATTATTGCTTCGGCAATCGACTGTTCGTCTCTCCCACTCACTATCAGCTGAATCAATCTCCTGGTTGCTTTTCTGAGTATAGCTGTTGCTCTTCTCCCAACCATTGTGAACTCTTCATATCCCTCATGCACTCTTATCTTCAATGTCTGAAGATTGCCCGTAAGCACCTCTTCCTCTCTCTTGACTGATGATCCGCTTGTTCTCTTAAATGTGAATCCACCAAAACTGAAGGATGAGCTAATTCTCAGTCCCATTGCAGCCTTGCAAATATCCACGGCTTGCTCTTCTGTTGGGTTCTGCCTAAGGATGTTTACCATCCTTATTCCACCAATCTGCGTGCTGTGGCACATCTCCAATAAAGATGCTAGTGGATCTGCTGATACTGTGGCTCTTCTTACTATGTTTCTAGCAGCAATAATTAAGCTTTGATCAACATCATCATTCCTCGCCTCCCCTCCTGGAGTGTACATCTGTTCCCAGCATGTTCCTTGGGTCAAATGCAACACTTCAATGTACACACTGCTTGTTCCACCAGCCACTGGGAGGAATCTCGTTTTGCGGACCAGTTCTCTCTCCAACATGTATGCCACCATCAGAGGAGAAATTTTGCAACCCTGGAGTTCTTCTTTCTTCTCTTTGGTTGTCGTTAGTTGCGATTCCGATGTTAGTATCCTGGCTCCCACTTCGTTAGGGAAAACAACTTCCATGATTACATCCTGTGCCTCTTTGGCACTGAGATCTGCATGACCAGGATTTATGTCAACTCTTCGACGTATTTTGACTTGGTTTCTAAAATGGACAGGGCCAAAGGTTCCATGTTTTAACCTTTCGACTTTTTCAAAATAAGTTTTGTAGATTTTTGGATAATGAACTGTACTTGTCACTGGTCCATTCCTATTCCACCATGTCACAGCCAGAGGTGATACCATCACTCGGTCTGATCCGGCGTCATTCATTTTACTCCATAAAGTTTGTCCCTGCTCATTTCTCTCAGGAATCATTTCCGTTATCCTCTTGTCTGCTGTAATTGGATATTTCATTGCCATCATCCATTTCATCCTAAGTGCTGGGTTCTTCTCCTGTCTTCCTGATGTGTACTTCTTGATTATGGCCATATGGTCCACGGTGGTTTTTGTGAGTATCTCGCGAGTGCGAGACTGCGACATTAGATTCCTTAGTTCTTTTATTCTTTC	ACACTAATTGATGGCCATCCGAATTCTTTTGGTCGCTGTCTGGCTGTCAGTAAGTATGCTAGAGTTCCGTTTCCGTTTCATTACCAACACCACGTCTCCTTGCCCAATTAGCACATTAGCCTTCTCTCCTTTCGCAAGGTTGCTCAGTTCATGTACTTCTTGATTATGGCCATATGGTCCACGGTGGTTTTTGTGAGTATCTCGCGAGTGCGAGACTGCGACATTAGATTCCTTAGTTCTTTTATTCTTTC
CY010795.1	248	2074	+	2280	453	44.07894736842105	43.70860927152318	ATGAAGGCACAGCTGGAGTTGAG	TATGGAGTA	-17.9829234986	-31.5896318937	ATGGAAAGAATAAAAGAACTAAGGAATCTAATGTCGCAGTCTCGCACTCGCGAGATACTCACAAAAACCACCGTGGACCATATGGCCATAATCAAGAAGTACACATCAGGAAGACAGGAGAAGAACCCAGCACTTAGGATGAAATGGATGATGGCAATGAAATATCCAATTACAGCAGACAAGAGGATAACGGAAATGATTCCTGAGAGAAATGAGCAGGGACAAACTTTATGGAGTAAAATGAATGACGCCGGATCAGACCGAGTGATGGTATCACCTCTGGCTGTGACATGGTGGAATAGGAATGGACCAGTGACAAGTACAGTTCATTATCCAAAAATCTACAAAACTTATTTTGAAAAAGTCGAAAGGTTAAAACATGGAACCTTTGGCCCTGTCCATTTTAGAAACCAAGTCAAAATACGTCGAAGAGTTGACATAAATCCTGGTCATGCAGATCTCAGTGCCAAAGAGGCACAGGATGTAATCATGGAAGTTGTTTTCCCTAACGAAGTGGGAGCCAGGATACTAACATCGGAATCGCAACTAACGACAACCAAAGAGAAGAAAGAAGAACTCCAGGGTTGCAAAATTTCTCCTCTGATGGTGGCATACATGTTGGAGAGAGAACTGGTCCGCAAAACGAGATTCCTCCCAGTGGCTGGTGGAACAAGCAGTGTGTACATTGAAGTGTTGCATTTGACCCAAGGAACATGCTGGGAACAGATGTACACTCCAGGAGGGGAGGCGAGGAATGATGATGTTGATCAAAGCTTAATTATTGCTGCTAGAAACATAGTAAGAAGAGCCACAGTATCAGCAGATCCACTAGCATCTTTATTGGAGATGTGCCACAGCACGCAGATTGGTGGAATAAGGATGGTAAACATCCTTAGGCAGAACCCAACAGAAGAGCAAGCCGTGGATATTTGCAAGGCTGCAATGGGACTGAGAATTAGCTCATCCTTCAGTTTTGGTGGATTCACATTTAAGAGAACAAGCGGATCATCAGTCAAGAGAGAGGAAGAGGTGCTTACGGGCAATCTTCAGACATTGAAGATAAGAGTGCATGAGGGATATGAAGAGTTCACAATGGTTGGGAGAAGAGCAACAGCTATACTCAGAAAAGCAACCAGGAGATTGATTCAGCTGATAGTGAGTGGGAGAGACGAACAGTCGATTGCCGAAGCAATAATTGTGGCCATGGTATTTTCACAAGAGGATTGTATGATAAAAGCAGTTAGAGGTGACCTGAATTTCGTCAATAGGGCGAATCAGCGATTGAATCCCATGCACCAACTTTTGAGACATTTTCAGAAGGATGCAAAGGTGCTCTTTCAAAATTGGGGAATTGAATCCATCGACAATGTGATGGGAATGATCGGGATATTGCCCGACATGACTCCAAGCACCGAGATGTCAATGAGAGGAGTGAGAATCAGCAAAATGGGGGTAGATGAGTATTCCAGCGCGGAGAAGATAGTGGTGAGCATTGACCGTTTTTTGAGAGTTAGGGACCAACGTGGGAATGTACTACTGTCTCCCGAGGAGGTCAGTGAAACACAGGGAACAGAGAAACTGACAATAACTTACTCATCGTCAATGATGTGGGAGATTAATGGTCCTGAATCAGTGTTGGTCAATACCTATCAGTGGATCATCAGAAACTGGGAAACTGTTAAAATTCAGTGGTCCCAGAATCCTACAATGCTGTACAATAAAATGGAATTTGAGCCATTTCAGTCTTTAGTTCCAAAGGCCGTTAGAGGCCAATACAGTGGGTTTGTGAGAACTCTGTTCCAACAAATGAGGGATGTGCTTGGGACATTTGATACCGCTCAGATAATAAAACTTCTTCCCTTCGCAGCCGCTCCACCAAAGCAAAGTGGAATGCAGTTCTCCTCATTGACTATAAATGTGAGGGGATCAGGAATGAGAATACTTGTAAGGGGCAATTCTCCAGTATTCAACTACAACAAGACCACTAAAAGACTCACAGTTCTCGGAAAGGATGCTGGCCCTTTAACTGAAGACCCAGATGAAGGCACAGCTGGAGTTGAGTCCGCAGTTCTGAGAGGATTCCTCATTCTGGGCAAAGAAGACAGGAGATATGGACCAGCATTAAGCATAAATGAACTGAGCAACCTTGCGAAAGGAGAGAAGGCTAATGTGCTAATTGGGCAAGGAGACGTGGTGTTGGTAATGAAACGGAAACGGAACTCTAGCATACTTACTGACAGCCAGACAGCGACCAAAAGAATTCGGATGGCCATCAATTAG	ATGGAAAGAATAAAAGAACTAAGGAATCTAATGTCGCAGTCTCGCACTCGCGAGATACTCACAAAAACCACCGTGGACCATATGGCCATAATCAAGAAGTACACATCAGGAAGACAGGAGAAGAACCCAGCACTTAGGATGAAATGGATGATGGCAATGAAATATCCAATTACAGCAGACAAGAGGATAACGGAAATGATTCCTGAGAGAAATGAGCAGGGACAAACTTTATAGTCCGCAGTTCTGAGAGGATTCCTCATTCTGGGCAAAGAAGACAGGAGATATGGACCAGCATTAAGCATAAATGAACTGAGCAACCTTGCGAAAGGAGAGAAGGCTAATGTGCTAATTGGGCAAGGAGACGTGGTGTTGGTAATGAAACGGAAACGGAACTCTAGCATACTTACTGACAGCCAGACAGCGACCAAAAGAATTCGGATGGCCATCAATTAG
CY010795.1	248	2074	-	2280	453	44.07894736842105	44.370860927152314	ATGAAGGCACAGCTGGAGTTGAG	TATGGAGTA	-17.9829234986	-31.5896318937	ACACTAATTGATGGCCATCCGAATTCTTTTGGTCGCTGTCTGGCTGTCAGTAAGTATGCTAGAGTTCCGTTTCCGTTTCATTACCAACACCACGTCTCCTTGCCCAATTAGCACATTAGCCTTCTCTCCTTTCGCAAGGTTGCTCAGTTCATTTATGCTTAATGCTGGTCCATATCTCCTGTCTTCTTTGCCCAGAATGAGGAATCCTCTCAGAACTGCGGACTCAACTCCAGCTGTGCCTTCATCTGGGTCTTCAGTTAAAGGGCCAGCATCCTTTCCGAGAACTGTGAGTCTTTTAGTGGTCTTGTTGTAGTTGAATACTGGAGAATTGCCCCTTACAAGTATTCTCATTCCTGATCCCCTCACATTTATAGTCAATGAGGAGAACTGCATTCCACTTTGCTTTGGTGGAGCGGCTGCGAAGGGAAGAAGTTTTATTATCTGAGCGGTATCAAATGTCCCAAGCACATCCCTCATTTGTTGGAACAGAGTTCTCACAAACCCACTGTATTGGCCTCTAACGGCCTTTGGAACTAAAGACTGAAATGGCTCAAATTCCATTTTATTGTACAGCATTGTAGGATTCTGGGACCACTGAATTTTAACAGTTTCCCAGTTTCTGATGATCCACTGATAGGTATTGACCAACACTGATTCAGGACCATTAATCTCCCACATCATTGACGATGAGTAAGTTATTGTCAGTTTCTCTGTTCCCTGTGTTTCACTGACCTCCTCGGGAGACAGTAGTACATTCCCACGTTGGTCCCTAACTCTCAAAAAACGGTCAATGCTCACCACTATCTTCTCCGCGCTGGAATACTCATCTACCCCCATTTTGCTGATTCTCACTCCTCTCATTGACATCTCGGTGCTTGGAGTCATGTCGGGCAATATCCCGATCATTCCCATCACATTGTCGATGGATTCAATTCCCCAATTTTGAAAGAGCACCTTTGCATCCTTCTGAAAATGTCTCAAAAGTTGGTGCATGGGATTCAATCGCTGATTCGCCCTATTGACGAAATTCAGGTCACCTCTAACTGCTTTTATCATACAATCCTCTTGTGAAAATACCATGGCCACAATTATTGCTTCGGCAATCGACTGTTCGTCTCTCCCACTCACTATCAGCTGAATCAATCTCCTGGTTGCTTTTCTGAGTATAGCTGTTGCTCTTCTCCCAACCATTGTGAACTCTTCATATCCCTCATGCACTCTTATCTTCAATGTCTGAAGATTGCCCGTAAGCACCTCTTCCTCTCTCTTGACTGATGATCCGCTTGTTCTCTTAAATGTGAATCCACCAAAACTGAAGGATGAGCTAATTCTCAGTCCCATTGCAGCCTTGCAAATATCCACGGCTTGCTCTTCTGTTGGGTTCTGCCTAAGGATGTTTACCATCCTTATTCCACCAATCTGCGTGCTGTGGCACATCTCCAATAAAGATGCTAGTGGATCTGCTGATACTGTGGCTCTTCTTACTATGTTTCTAGCAGCAATAATTAAGCTTTGATCAACATCATCATTCCTCGCCTCCCCTCCTGGAGTGTACATCTGTTCCCAGCATGTTCCTTGGGTCAAATGCAACACTTCAATGTACACACTGCTTGTTCCACCAGCCACTGGGAGGAATCTCGTTTTGCGGACCAGTTCTCTCTCCAACATGTATGCCACCATCAGAGGAGAAATTTTGCAACCCTGGAGTTCTTCTTTCTTCTCTTTGGTTGTCGTTAGTTGCGATTCCGATGTTAGTATCCTGGCTCCCACTTCGTTAGGGAAAACAACTTCCATGATTACATCCTGTGCCTCTTTGGCACTGAGATCTGCATGACCAGGATTTATGTCAACTCTTCGACGTATTTTGACTTGGTTTCTAAAATGGACAGGGCCAAAGGTTCCATGTTTTAACCTTTCGACTTTTTCAAAATAAGTTTTGTAGATTTTTGGATAATGAACTGTACTTGTCACTGGTCCATTCCTATTCCACCATGTCACAGCCAGAGGTGATACCATCACTCGGTCTGATCCGGCGTCATTCATTTTACTCCATAAAGTTTGTCCCTGCTCATTTCTCTCAGGAATCATTTCCGTTATCCTCTTGTCTGCTGTAATTGGATATTTCATTGCCATCATCCATTTCATCCTAAGTGCTGGGTTCTTCTCCTGTCTTCCTGATGTGTACTTCTTGATTATGGCCATATGGTCCACGGTGGTTTTTGTGAGTATCTCGCGAGTGCGAGACTGCGACATTAGATTCCTTAGTTCTTTTATTCTTTC	ACACTAATTGATGGCCATCCGAATTCTTTTGGTCGCTGTCTGGCTGTCAGTAAGTATGCTAGAGTTCCGTTTCCGTTTCATTACCAACACCACGTCTCCTTGCCCAATTAGCACATTAGCCTTCTCTCCTTTCGCAAGGTTGCTCAGTTCATTTATGCTTAATGCTGGTCCATATCTCCTGTCTTCTTTGCCCAGAATGAGGAATCCTCTCAGAACTGCGGACTCAACTCCATGTCCCTGCTCATTTCTCTCAGGAATCATTTCCGTTATCCTCTTGTCTGCTGTAATTGGATATTTCATTGCCATCATCCATTTCATCCTAAGTGCTGGGTTCTTCTCCTGTCTTCCTGATGTGTACTTCTTGATTATGGCCATATGGTCCACGGTGGTTTTTGTGAGTATCTCGCGAGTGCGAGACTGCGACATTAGATTCCTTAGTTCTTTTATTCTTTC
CY010794.1	89	2105	+	2274	257	42.392260334212835	43.190661478599225	TATTTGAAAAATTCTTCCCCAGC	CCTTACAGC	-21.5653724821	-12.2763848354	ATGGATGTCAATCCGACTTTACTTTTCTTAAAAGTGCCAGCACAAAATGCTATAAGCACAACTTTCCCTTATACTGGAGACCCTCCTTACAGCCATGGGACAGGAACAGGATACACCATGGATACTGTCAACAGGACACATCAGTACTCAGAAAGGGGAAGATGGACAACAAACACCGAAACTGGAGCACCGCAACTCAACCCGATTGATGGGCCACTGCCAGAAGACAATGAACCAAGTGGTTATGCCCAAACAGATTGTGTATTGGAAGCAATGGCCTTCCTTGAGGAATCCCATCCTGGTATCTTTGAGACCTCGTGTCTTGAAACGATGGAGGTTGTTCAGCAAACACGAGTGGACAAGCTGACACAAGGCCGACAGACCTATGACTGGACTCTAAATAGGAACCAGCCTGCTGCAACAGCATTGGCCAACACAATAGAAGTGTTCAGATCAAATGGCCTCACGGCCAATGAATCTGGAAGGCTCATAGACTTCCTTAAGGATGTAATGGAGTCAATGAACAAAGAAGAAATGGAGATCACAACTCATTTTCAGAGAAAGAGACGAGTGAGAGACAATATGACTAAGAAAATGGTGACACAGAGAACAATAGGTAAAAGGAAGCAGAGATTGAACAAAAGGAGTTATCTAATTAGGGCATTAACCCTGAACACAATGACCAAAGATGCTGAGAGAGGGAAGCTAAAACGGAGAGCAATTGCAACCCCAGGGATGCAAATAAGGGGGTTTGTATACTTTGTTGAGACACTAGCAAGGAGTATATGTGAGAAACTTGAACAATCAGGATTGCCAGTTGGAGGCAATGAGAAGAAAGCAAAGTTGGCAAATGTTGTAAGGAAGATGATGACCAATTCTCAGGACACTGAAATTTCTTTCACCATCACTGGAGATAACACCAAATGGAACGAAAATCAGAACCCTCGGATGTTTTTGGCCATGATCACATATATAACCAGAAATCAGCCCGAATGGTTCAGAAATGTTCTAAGTATTGCTCCAATAATGTTCTCAAACAAAATGGCGAGACTGGGAAAGGGGTACATGTTTGAGAGCAAGAGTATGAAACTTAGAACTCAAATACCTGCAGAAATGCTAGCAAGCATCGATTTGAAATACTTCAATGATTCAACTAGAAAGAAGATTGAAAAAATCCGGCCGCTCTTAATAGATGGGACTGCATCATTGAGCCCTGGAATGATGATGGGCATGTTCAATATGTTAAGTACTGTATTAGGCGTCTCCATCCTGAATCTTGGACAAAAGAGACACACCAAGACTACTTACTGGTGGGATGGTCTTCAATCTTCTGATGATTTTGCTCTGATTGTGAATGCACCCAATCATGAAGGGATTCAAGCCGGAGTCAACAGGTTTTATCGAACCTGTAAGCTACTTGGAATTAATATGAGCAAGAAAAAGTCTTACATAAACAGAACAGGTACATTTGAATTCACAAGTTTTTTCTATCGTTATGGGTTTGTTGCCAATTTCAGCATGGAGCTTCCCAGCTTTGGGGTGTCTGGGATCAACGAGTCTGCGGACATGAGTATTGGAGTTACTGTCATCAAAAACAATATGATAAACAATGATCTTGGTCCAGCAACCGCTCAAATGGCCCTTCAGCTGTTCATCAAAGATTACAGGTACACGTACCGGTGCCATAGAGGTGACACACAAATACAAACCCGAAGATCATTTGAAATAAAGAAACTGTGGGAGCAAACCCATTCCAAAGCTGGACTGCTGGTCTCCGACGGAGGCCCAAATTTATACAACATTAGAAATCTCCACATTCCTGAAGTCTGCTTGAAATGGGAATTAATGGATGAGGATTACCAGGGGCGTTTATGCAACCCACTGAACCCATTTGTCAACCATAAAGACATTGAATCAGTGAACAATGCAGTGATAATGCCAGCACATGGTCCAGCCAAAAACATGGAGTATGATGCTGTTGCAACAACACATTCCTGGATCCCCAAAAGAAATCGATCCATCTTGAATACAAGCCAAAGAGGAATACTTGAAGATGAACAAATGTACCAAAAGTGCTGCAACTTATTTGAAAAATTCTTCCCCAGCAGTTCATACAGAAGACCAGTCGGGATATCCAGTATGGTGGAGGCTATGGTTTCCAGAGCCCGAATTGATGCACGAATTGATTTCGAATCTGGAAGGATAAAGAAAGAGGAGTTCACTGAGATCATGAAGATCTGTTCCACCATTGAAGAGCTCAGACGGCAAAAATAG	ATGGATGTCAATCCGACTTTACTTTTCTTAAAAGTGCCAGCACAAAATGCTATAAGCACAACTTTCCCTTATACTGGAGACCCTCCTGCAGTTCATACAGAAGACCAGTCGGGATATCCAGTATGGTGGAGGCTATGGTTTCCAGAGCCCGAATTGATGCACGAATTGATTTCGAATCTGGAAGGATAAAGAAAGAGGAGTTCACTGAGATCATGAAGATCTGTTCCACCATTGAAGAGCTCAGACGGCAAAAATAG
CY010794.1	89	2105	-	2274	257	42.34828496042216	44.74708171206226	TATTTGAAAAATTCTTCCCCAGC	CCTTACAGC	-21.5653724821	-12.2763848354	TTTTCATGAAGGACAAGCTAAATTCACTATTTTTGCCGTCTGAGCTCTTCAATGGTGGAACAGATCTTCATGATCTCAGTGAACTCCTCTTTCTTTATCCTTCCAGATTCGAAATCAATTCGTGCATCAATTCGGGCTCTGGAAACCATAGCCTCCACCATACTGGATATCCCGACTGGTCTTCTGTATGAACTGCTGGGGAAGAATTTTTCAAATAAGTTGCAGCACTTTTGGTACATTTGTTCATCTTCAAGTATTCCTCTTTGGCTTGTATTCAAGATGGATCGATTTCTTTTGGGGATCCAGGAATGTGTTGTTGCAACAGCATCATACTCCATGTTTTTGGCTGGACCATGTGCTGGCATTATCACTGCATTGTTCACTGATTCAATGTCTTTATGGTTGACAAATGGGTTCAGTGGGTTGCATAAACGCCCCTGGTAATCCTCATCCATTAATTCCCATTTCAAGCAGACTTCAGGAATGTGGAGATTTCTAATGTTGTATAAATTTGGGCCTCCGTCGGAGACCAGCAGTCCAGCTTTGGAATGGGTTTGCTCCCACAGTTTCTTTATTTCAAATGATCTTCGGGTTTGTATTTGTGTGTCACCTCTATGGCACCGGTACGTGTACCTGTAATCTTTGATGAACAGCTGAAGGGCCATTTGAGCGGTTGCTGGACCAAGATCATTGTTTATCATATTGTTTTTGATGACAGTAACTCCAATACTCATGTCCGCAGACTCGTTGATCCCAGACACCCCAAAGCTGGGAAGCTCCATGCTGAAATTGGCAACAAACCCATAACGATAGAAAAAACTTGTGAATTCAAATGTACCTGTTCTGTTTATGTAAGACTTTTTCTTGCTCATATTAATTCCAAGTAGCTTACAGGTTCGATAAAACCTGTTGACTCCGGCTTGAATCCCTTCATGATTGGGTGCATTCACAATCAGAGCAAAATCATCAGAAGATTGAAGACCATCCCACCAGTAAGTAGTCTTGGTGTGTCTCTTTTGTCCAAGATTCAGGATGGAGACGCCTAATACAGTACTTAACATATTGAACATGCCCATCATCATTCCAGGGCTCAATGATGCAGTCCCATCTATTAAGAGCGGCCGGATTTTTTCAATCTTCTTTCTAGTTGAATCATTGAAGTATTTCAAATCGATGCTTGCTAGCATTTCTGCAGGTATTTGAGTTCTAAGTTTCATACTCTTGCTCTCAAACATGTACCCCTTTCCCAGTCTCGCCATTTTGTTTGAGAACATTATTGGAGCAATACTTAGAACATTTCTGAACCATTCGGGCTGATTTCTGGTTATATATGTGATCATGGCCAAAAACATCCGAGGGTTCTGATTTTCGTTCCATTTGGTGTTATCTCCAGTGATGGTGAAAGAAATTTCAGTGTCCTGAGAATTGGTCATCATCTTCCTTACAACATTTGCCAACTTTGCTTTCTTCTCATTGCCTCCAACTGGCAATCCTGATTGTTCAAGTTTCTCACATATACTCCTTGCTAGTGTCTCAACAAAGTATACAAACCCCCTTATTTGCATCCCTGGGGTTGCAATTGCTCTCCGTTTTAGCTTCCCTCTCTCAGCATCTTTGGTCATTGTGTTCAGGGTTAATGCCCTAATTAGATAACTCCTTTTGTTCAATCTCTGCTTCCTTTTACCTATTGTTCTCTGTGTCACCATTTTCTTAGTCATATTGTCTCTCACTCGTCTCTTTCTCTGAAAATGAGTTGTGATCTCCATTTCTTCTTTGTTCATTGACTCCATTACATCCTTAAGGAAGTCTATGAGCCTTCCAGATTCATTGGCCGTGAGGCCATTTGATCTGAACACTTCTATTGTGTTGGCCAATGCTGTTGCAGCAGGCTGGTTCCTATTTAGAGTCCAGTCATAGGTCTGTCGGCCTTGTGTCAGCTTGTCCACTCGTGTTTGCTGAACAACCTCCATCGTTTCAAGACACGAGGTCTCAAAGATACCAGGATGGGATTCCTCAAGGAAGGCCATTGCTTCCAATACACAATCTGTTTGGGCATAACCACTTGGTTCATTGTCTTCTGGCAGTGGCCCATCAATCGGGTTGAGTTGCGGTGCTCCAGTTTCGGTGTTTGTTGTCCATCTTCCCCTTTCTGAGTACTGATGTGTCCTGTTGACAGTATCCATGGTGTATCCTGTTCCTGTCCCATGGCTGTAAGGAGGGTCTCCAGTATAAGGGAAAGTTGTGCTTATAGCATTTTGTGCTGGCACTTTTAAG	TTTTCATGAAGGACAAGCTAAATTCACTATTTTTGCCGTCTGAGCTCTTCAATGGTGGAACAGATCTTCATGATCTCAGTGAACTCCGTTGCGGTGCTCCAGTTTCGGTGTTTGTTGTCCATCTTCCCCTTTCTGAGTACTGATGTGTCCTGTTGACAGTATCCATGGTGTATCCTGTTCCTGTCCCATGGCTGTAAGGAGGGTCTCCAGTATAAGGGAAAGTTGTGCTTATAGCATTTTGTGCTGGCACTTTTAAG
CY010794.1	177	2012	+	2274	438	42.392260334212835	42.23744292237443	ATTCCTGGATCCCCAAAAGAAAT	ACACCGAAA	-22.2245656096	-15.949855994	ATGGATGTCAATCCGACTTTACTTTTCTTAAAAGTGCCAGCACAAAATGCTATAAGCACAACTTTCCCTTATACTGGAGACCCTCCTTACAGCCATGGGACAGGAACAGGATACACCATGGATACTGTCAACAGGACACATCAGTACTCAGAAAGGGGAAGATGGACAACAAACACCGAAACTGGAGCACCGCAACTCAACCCGATTGATGGGCCACTGCCAGAAGACAATGAACCAAGTGGTTATGCCCAAACAGATTGTGTATTGGAAGCAATGGCCTTCCTTGAGGAATCCCATCCTGGTATCTTTGAGACCTCGTGTCTTGAAACGATGGAGGTTGTTCAGCAAACACGAGTGGACAAGCTGACACAAGGCCGACAGACCTATGACTGGACTCTAAATAGGAACCAGCCTGCTGCAACAGCATTGGCCAACACAATAGAAGTGTTCAGATCAAATGGCCTCACGGCCAATGAATCTGGAAGGCTCATAGACTTCCTTAAGGATGTAATGGAGTCAATGAACAAAGAAGAAATGGAGATCACAACTCATTTTCAGAGAAAGAGACGAGTGAGAGACAATATGACTAAGAAAATGGTGACACAGAGAACAATAGGTAAAAGGAAGCAGAGATTGAACAAAAGGAGTTATCTAATTAGGGCATTAACCCTGAACACAATGACCAAAGATGCTGAGAGAGGGAAGCTAAAACGGAGAGCAATTGCAACCCCAGGGATGCAAATAAGGGGGTTTGTATACTTTGTTGAGACACTAGCAAGGAGTATATGTGAGAAACTTGAACAATCAGGATTGCCAGTTGGAGGCAATGAGAAGAAAGCAAAGTTGGCAAATGTTGTAAGGAAGATGATGACCAATTCTCAGGACACTGAAATTTCTTTCACCATCACTGGAGATAACACCAAATGGAACGAAAATCAGAACCCTCGGATGTTTTTGGCCATGATCACATATATAACCAGAAATCAGCCCGAATGGTTCAGAAATGTTCTAAGTATTGCTCCAATAATGTTCTCAAACAAAATGGCGAGACTGGGAAAGGGGTACATGTTTGAGAGCAAGAGTATGAAACTTAGAACTCAAATACCTGCAGAAATGCTAGCAAGCATCGATTTGAAATACTTCAATGATTCAACTAGAAAGAAGATTGAAAAAATCCGGCCGCTCTTAATAGATGGGACTGCATCATTGAGCCCTGGAATGATGATGGGCATGTTCAATATGTTAAGTACTGTATTAGGCGTCTCCATCCTGAATCTTGGACAAAAGAGACACACCAAGACTACTTACTGGTGGGATGGTCTTCAATCTTCTGATGATTTTGCTCTGATTGTGAATGCACCCAATCATGAAGGGATTCAAGCCGGAGTCAACAGGTTTTATCGAACCTGTAAGCTACTTGGAATTAATATGAGCAAGAAAAAGTCTTACATAAACAGAACAGGTACATTTGAATTCACAAGTTTTTTCTATCGTTATGGGTTTGTTGCCAATTTCAGCATGGAGCTTCCCAGCTTTGGGGTGTCTGGGATCAACGAGTCTGCGGACATGAGTATTGGAGTTACTGTCATCAAAAACAATATGATAAACAATGATCTTGGTCCAGCAACCGCTCAAATGGCCCTTCAGCTGTTCATCAAAGATTACAGGTACACGTACCGGTGCCATAGAGGTGACACACAAATACAAACCCGAAGATCATTTGAAATAAAGAAACTGTGGGAGCAAACCCATTCCAAAGCTGGACTGCTGGTCTCCGACGGAGGCCCAAATTTATACAACATTAGAAATCTCCACATTCCTGAAGTCTGCTTGAAATGGGAATTAATGGATGAGGATTACCAGGGGCGTTTATGCAACCCACTGAACCCATTTGTCAACCATAAAGACATTGAATCAGTGAACAATGCAGTGATAATGCCAGCACATGGTCCAGCCAAAAACATGGAGTATGATGCTGTTGCAACAACACATTCCTGGATCCCCAAAAGAAATCGATCCATCTTGAATACAAGCCAAAGAGGAATACTTGAAGATGAACAAATGTACCAAAAGTGCTGCAACTTATTTGAAAAATTCTTCCCCAGCAGTTCATACAGAAGACCAGTCGGGATATCCAGTATGGTGGAGGCTATGGTTTCCAGAGCCCGAATTGATGCACGAATTGATTTCGAATCTGGAAGGATAAAGAAAGAGGAGTTCACTGAGATCATGAAGATCTGTTCCACCATTGAAGAGCTCAGACGGCAAAAATAG	ATGGATGTCAATCCGACTTTACTTTTCTTAAAAGTGCCAGCACAAAATGCTATAAGCACAACTTTCCCTTATACTGGAGACCCTCCTTACAGCCATGGGACAGGAACAGGATACACCATGGATACTGTCAACAGGACACATCAGTACTCAGAAAGGGGAAGATGGACAACAAACAATCGATCCATCTTGAATACAAGCCAAAGAGGAATACTTGAAGATGAACAAATGTACCAAAAGTGCTGCAACTTATTTGAAAAATTCTTCCCCAGCAGTTCATACAGAAGACCAGTCGGGATATCCAGTATGGTGGAGGCTATGGTTTCCAGAGCCCGAATTGATGCACGAATTGATTTCGAATCTGGAAGGATAAAGAAAGAGGAGTTCACTGAGATCATGAAGATCTGTTCCACCATTGAAGAGCTCAGACGGCAAAAATAG
CY010794.1	223	1928	+	2274	568	42.392260334212835	44.190140845070424	ACATTGAATCAGTGAACAATGCA	GCCAGAAGA	-10.0749566149	-15.6311531981	ATGGATGTCAATCCGACTTTACTTTTCTTAAAAGTGCCAGCACAAAATGCTATAAGCACAACTTTCCCTTATACTGGAGACCCTCCTTACAGCCATGGGACAGGAACAGGATACACCATGGATACTGTCAACAGGACACATCAGTACTCAGAAAGGGGAAGATGGACAACAAACACCGAAACTGGAGCACCGCAACTCAACCCGATTGATGGGCCACTGCCAGAAGACAATGAACCAAGTGGTTATGCCCAAACAGATTGTGTATTGGAAGCAATGGCCTTCCTTGAGGAATCCCATCCTGGTATCTTTGAGACCTCGTGTCTTGAAACGATGGAGGTTGTTCAGCAAACACGAGTGGACAAGCTGACACAAGGCCGACAGACCTATGACTGGACTCTAAATAGGAACCAGCCTGCTGCAACAGCATTGGCCAACACAATAGAAGTGTTCAGATCAAATGGCCTCACGGCCAATGAATCTGGAAGGCTCATAGACTTCCTTAAGGATGTAATGGAGTCAATGAACAAAGAAGAAATGGAGATCACAACTCATTTTCAGAGAAAGAGACGAGTGAGAGACAATATGACTAAGAAAATGGTGACACAGAGAACAATAGGTAAAAGGAAGCAGAGATTGAACAAAAGGAGTTATCTAATTAGGGCATTAACCCTGAACACAATGACCAAAGATGCTGAGAGAGGGAAGCTAAAACGGAGAGCAATTGCAACCCCAGGGATGCAAATAAGGGGGTTTGTATACTTTGTTGAGACACTAGCAAGGAGTATATGTGAGAAACTTGAACAATCAGGATTGCCAGTTGGAGGCAATGAGAAGAAAGCAAAGTTGGCAAATGTTGTAAGGAAGATGATGACCAATTCTCAGGACACTGAAATTTCTTTCACCATCACTGGAGATAACACCAAATGGAACGAAAATCAGAACCCTCGGATGTTTTTGGCCATGATCACATATATAACCAGAAATCAGCCCGAATGGTTCAGAAATGTTCTAAGTATTGCTCCAATAATGTTCTCAAACAAAATGGCGAGACTGGGAAAGGGGTACATGTTTGAGAGCAAGAGTATGAAACTTAGAACTCAAATACCTGCAGAAATGCTAGCAAGCATCGATTTGAAATACTTCAATGATTCAACTAGAAAGAAGATTGAAAAAATCCGGCCGCTCTTAATAGATGGGACTGCATCATTGAGCCCTGGAATGATGATGGGCATGTTCAATATGTTAAGTACTGTATTAGGCGTCTCCATCCTGAATCTTGGACAAAAGAGACACACCAAGACTACTTACTGGTGGGATGGTCTTCAATCTTCTGATGATTTTGCTCTGATTGTGAATGCACCCAATCATGAAGGGATTCAAGCCGGAGTCAACAGGTTTTATCGAACCTGTAAGCTACTTGGAATTAATATGAGCAAGAAAAAGTCTTACATAAACAGAACAGGTACATTTGAATTCACAAGTTTTTTCTATCGTTATGGGTTTGTTGCCAATTTCAGCATGGAGCTTCCCAGCTTTGGGGTGTCTGGGATCAACGAGTCTGCGGACATGAGTATTGGAGTTACTGTCATCAAAAACAATATGATAAACAATGATCTTGGTCCAGCAACCGCTCAAATGGCCCTTCAGCTGTTCATCAAAGATTACAGGTACACGTACCGGTGCCATAGAGGTGACACACAAATACAAACCCGAAGATCATTTGAAATAAAGAAACTGTGGGAGCAAACCCATTCCAAAGCTGGACTGCTGGTCTCCGACGGAGGCCCAAATTTATACAACATTAGAAATCTCCACATTCCTGAAGTCTGCTTGAAATGGGAATTAATGGATGAGGATTACCAGGGGCGTTTATGCAACCCACTGAACCCATTTGTCAACCATAAAGACATTGAATCAGTGAACAATGCAGTGATAATGCCAGCACATGGTCCAGCCAAAAACATGGAGTATGATGCTGTTGCAACAACACATTCCTGGATCCCCAAAAGAAATCGATCCATCTTGAATACAAGCCAAAGAGGAATACTTGAAGATGAACAAATGTACCAAAAGTGCTGCAACTTATTTGAAAAATTCTTCCCCAGCAGTTCATACAGAAGACCAGTCGGGATATCCAGTATGGTGGAGGCTATGGTTTCCAGAGCCCGAATTGATGCACGAATTGATTTCGAATCTGGAAGGATAAAGAAAGAGGAGTTCACTGAGATCATGAAGATCTGTTCCACCATTGAAGAGCTCAGACGGCAAAAATAG	ATGGATGTCAATCCGACTTTACTTTTCTTAAAAGTGCCAGCACAAAATGCTATAAGCACAACTTTCCCTTATACTGGAGACCCTCCTTACAGCCATGGGACAGGAACAGGATACACCATGGATACTGTCAACAGGACACATCAGTACTCAGAAAGGGGAAGATGGACAACAAACACCGAAACTGGAGCACCGCAACTCAACCCGATTGATGGGCCACTGCCCAGTGATAATGCCAGCACATGGTCCAGCCAAAAACATGGAGTATGATGCTGTTGCAACAACACATTCCTGGATCCCCAAAAGAAATCGATCCATCTTGAATACAAGCCAAAGAGGAATACTTGAAGATGAACAAATGTACCAAAAGTGCTGCAACTTATTTGAAAAATTCTTCCCCAGCAGTTCATACAGAAGACCAGTCGGGATATCCAGTATGGTGGAGGCTATGGTTTCCAGAGCCCGAATTGATGCACGAATTGATTTCGAATCTGGAAGGATAAAGAAAGAGGAGTTCACTGAGATCATGAAGATCTGTTCCACCATTGAAGAGCTCAGACGGCAAAAATAG
CY010794.1	224	2030	+	2274	467	42.392260334212835	44.3254817987152	GAAATCGATCCATCTTGAATACA	CCAGAAGAC	-14.4138752627	-6.76203768547	ATGGATGTCAATCCGACTTTACTTTTCTTAAAAGTGCCAGCACAAAATGCTATAAGCACAACTTTCCCTTATACTGGAGACCCTCCTTACAGCCATGGGACAGGAACAGGATACACCATGGATACTGTCAACAGGACACATCAGTACTCAGAAAGGGGAAGATGGACAACAAACACCGAAACTGGAGCACCGCAACTCAACCCGATTGATGGGCCACTGCCAGAAGACAATGAACCAAGTGGTTATGCCCAAACAGATTGTGTATTGGAAGCAATGGCCTTCCTTGAGGAATCCCATCCTGGTATCTTTGAGACCTCGTGTCTTGAAACGATGGAGGTTGTTCAGCAAACACGAGTGGACAAGCTGACACAAGGCCGACAGACCTATGACTGGACTCTAAATAGGAACCAGCCTGCTGCAACAGCATTGGCCAACACAATAGAAGTGTTCAGATCAAATGGCCTCACGGCCAATGAATCTGGAAGGCTCATAGACTTCCTTAAGGATGTAATGGAGTCAATGAACAAAGAAGAAATGGAGATCACAACTCATTTTCAGAGAAAGAGACGAGTGAGAGACAATATGACTAAGAAAATGGTGACACAGAGAACAATAGGTAAAAGGAAGCAGAGATTGAACAAAAGGAGTTATCTAATTAGGGCATTAACCCTGAACACAATGACCAAAGATGCTGAGAGAGGGAAGCTAAAACGGAGAGCAATTGCAACCCCAGGGATGCAAATAAGGGGGTTTGTATACTTTGTTGAGACACTAGCAAGGAGTATATGTGAGAAACTTGAACAATCAGGATTGCCAGTTGGAGGCAATGAGAAGAAAGCAAAGTTGGCAAATGTTGTAAGGAAGATGATGACCAATTCTCAGGACACTGAAATTTCTTTCACCATCACTGGAGATAACACCAAATGGAACGAAAATCAGAACCCTCGGATGTTTTTGGCCATGATCACATATATAACCAGAAATCAGCCCGAATGGTTCAGAAATGTTCTAAGTATTGCTCCAATAATGTTCTCAAACAAAATGGCGAGACTGGGAAAGGGGTACATGTTTGAGAGCAAGAGTATGAAACTTAGAACTCAAATACCTGCAGAAATGCTAGCAAGCATCGATTTGAAATACTTCAATGATTCAACTAGAAAGAAGATTGAAAAAATCCGGCCGCTCTTAATAGATGGGACTGCATCATTGAGCCCTGGAATGATGATGGGCATGTTCAATATGTTAAGTACTGTATTAGGCGTCTCCATCCTGAATCTTGGACAAAAGAGACACACCAAGACTACTTACTGGTGGGATGGTCTTCAATCTTCTGATGATTTTGCTCTGATTGTGAATGCACCCAATCATGAAGGGATTCAAGCCGGAGTCAACAGGTTTTATCGAACCTGTAAGCTACTTGGAATTAATATGAGCAAGAAAAAGTCTTACATAAACAGAACAGGTACATTTGAATTCACAAGTTTTTTCTATCGTTATGGGTTTGTTGCCAATTTCAGCATGGAGCTTCCCAGCTTTGGGGTGTCTGGGATCAACGAGTCTGCGGACATGAGTATTGGAGTTACTGTCATCAAAAACAATATGATAAACAATGATCTTGGTCCAGCAACCGCTCAAATGGCCCTTCAGCTGTTCATCAAAGATTACAGGTACACGTACCGGTGCCATAGAGGTGACACACAAATACAAACCCGAAGATCATTTGAAATAAAGAAACTGTGGGAGCAAACCCATTCCAAAGCTGGACTGCTGGTCTCCGACGGAGGCCCAAATTTATACAACATTAGAAATCTCCACATTCCTGAAGTCTGCTTGAAATGGGAATTAATGGATGAGGATTACCAGGGGCGTTTATGCAACCCACTGAACCCATTTGTCAACCATAAAGACATTGAATCAGTGAACAATGCAGTGATAATGCCAGCACATGGTCCAGCCAAAAACATGGAGTATGATGCTGTTGCAACAACACATTCCTGGATCCCCAAAAGAAATCGATCCATCTTGAATACAAGCCAAAGAGGAATACTTGAAGATGAACAAATGTACCAAAAGTGCTGCAACTTATTTGAAAAATTCTTCCCCAGCAGTTCATACAGAAGACCAGTCGGGATATCCAGTATGGTGGAGGCTATGGTTTCCAGAGCCCGAATTGATGCACGAATTGATTTCGAATCTGGAAGGATAAAGAAAGAGGAGTTCACTGAGATCATGAAGATCTGTTCCACCATTGAAGAGCTCAGACGGCAAAAATAG	ATGGATGTCAATCCGACTTTACTTTTCTTAAAAGTGCCAGCACAAAATGCTATAAGCACAACTTTCCCTTATACTGGAGACCCTCCTTACAGCCATGGGACAGGAACAGGATACACCATGGATACTGTCAACAGGACACATCAGTACTCAGAAAGGGGAAGATGGACAACAAACACCGAAACTGGAGCACCGCAACTCAACCCGATTGATGGGCCACTGCCACAAGCCAAAGAGGAATACTTGAAGATGAACAAATGTACCAAAAGTGCTGCAACTTATTTGAAAAATTCTTCCCCAGCAGTTCATACAGAAGACCAGTCGGGATATCCAGTATGGTGGAGGCTATGGTTTCCAGAGCCCGAATTGATGCACGAATTGATTTCGAATCTGGAAGGATAAAGAAAGAGGAGTTCACTGAGATCATGAAGATCTGTTCCACCATTGAAGAGCTCAGACGGCAAAAATAG
CY010794.1	224	2030	-	2274	467	42.34828496042216	44.3254817987152	GAAATCGATCCATCTTGAATACA	CCAGAAGAC	-14.4138752627	-6.76203768547	TTTTCATGAAGGACAAGCTAAATTCACTATTTTTGCCGTCTGAGCTCTTCAATGGTGGAACAGATCTTCATGATCTCAGTGAACTCCTCTTTCTTTATCCTTCCAGATTCGAAATCAATTCGTGCATCAATTCGGGCTCTGGAAACCATAGCCTCCACCATACTGGATATCCCGACTGGTCTTCTGTATGAACTGCTGGGGAAGAATTTTTCAAATAAGTTGCAGCACTTTTGGTACATTTGTTCATCTTCAAGTATTCCTCTTTGGCTTGTATTCAAGATGGATCGATTTCTTTTGGGGATCCAGGAATGTGTTGTTGCAACAGCATCATACTCCATGTTTTTGGCTGGACCATGTGCTGGCATTATCACTGCATTGTTCACTGATTCAATGTCTTTATGGTTGACAAATGGGTTCAGTGGGTTGCATAAACGCCCCTGGTAATCCTCATCCATTAATTCCCATTTCAAGCAGACTTCAGGAATGTGGAGATTTCTAATGTTGTATAAATTTGGGCCTCCGTCGGAGACCAGCAGTCCAGCTTTGGAATGGGTTTGCTCCCACAGTTTCTTTATTTCAAATGATCTTCGGGTTTGTATTTGTGTGTCACCTCTATGGCACCGGTACGTGTACCTGTAATCTTTGATGAACAGCTGAAGGGCCATTTGAGCGGTTGCTGGACCAAGATCATTGTTTATCATATTGTTTTTGATGACAGTAACTCCAATACTCATGTCCGCAGACTCGTTGATCCCAGACACCCCAAAGCTGGGAAGCTCCATGCTGAAATTGGCAACAAACCCATAACGATAGAAAAAACTTGTGAATTCAAATGTACCTGTTCTGTTTATGTAAGACTTTTTCTTGCTCATATTAATTCCAAGTAGCTTACAGGTTCGATAAAACCTGTTGACTCCGGCTTGAATCCCTTCATGATTGGGTGCATTCACAATCAGAGCAAAATCATCAGAAGATTGAAGACCATCCCACCAGTAAGTAGTCTTGGTGTGTCTCTTTTGTCCAAGATTCAGGATGGAGACGCCTAATACAGTACTTAACATATTGAACATGCCCATCATCATTCCAGGGCTCAATGATGCAGTCCCATCTATTAAGAGCGGCCGGATTTTTTCAATCTTCTTTCTAGTTGAATCATTGAAGTATTTCAAATCGATGCTTGCTAGCATTTCTGCAGGTATTTGAGTTCTAAGTTTCATACTCTTGCTCTCAAACATGTACCCCTTTCCCAGTCTCGCCATTTTGTTTGAGAACATTATTGGAGCAATACTTAGAACATTTCTGAACCATTCGGGCTGATTTCTGGTTATATATGTGATCATGGCCAAAAACATCCGAGGGTTCTGATTTTCGTTCCATTTGGTGTTATCTCCAGTGATGGTGAAAGAAATTTCAGTGTCCTGAGAATTGGTCATCATCTTCCTTACAACATTTGCCAACTTTGCTTTCTTCTCATTGCCTCCAACTGGCAATCCTGATTGTTCAAGTTTCTCACATATACTCCTTGCTAGTGTCTCAACAAAGTATACAAACCCCCTTATTTGCATCCCTGGGGTTGCAATTGCTCTCCGTTTTAGCTTCCCTCTCTCAGCATCTTTGGTCATTGTGTTCAGGGTTAATGCCCTAATTAGATAACTCCTTTTGTTCAATCTCTGCTTCCTTTTACCTATTGTTCTCTGTGTCACCATTTTCTTAGTCATATTGTCTCTCACTCGTCTCTTTCTCTGAAAATGAGTTGTGATCTCCATTTCTTCTTTGTTCATTGACTCCATTACATCCTTAAGGAAGTCTATGAGCCTTCCAGATTCATTGGCCGTGAGGCCATTTGATCTGAACACTTCTATTGTGTTGGCCAATGCTGTTGCAGCAGGCTGGTTCCTATTTAGAGTCCAGTCATAGGTCTGTCGGCCTTGTGTCAGCTTGTCCACTCGTGTTTGCTGAACAACCTCCATCGTTTCAAGACACGAGGTCTCAAAGATACCAGGATGGGATTCCTCAAGGAAGGCCATTGCTTCCAATACACAATCTGTTTGGGCATAACCACTTGGTTCATTGTCTTCTGGCAGTGGCCCATCAATCGGGTTGAGTTGCGGTGCTCCAGTTTCGGTGTTTGTTGTCCATCTTCCCCTTTCTGAGTACTGATGTGTCCTGTTGACAGTATCCATGGTGTATCCTGTTCCTGTCCCATGGCTGTAAGGAGGGTCTCCAGTATAAGGGAAAGTTGTGCTTATAGCATTTTGTGCTGGCACTTTTAAG	TTTTCATGAAGGACAAGCTAAATTCACTATTTTTGCCGTCTGAGCTCTTCAATGGTGGAACAGATCTTCATGATCTCAGTGAACTCCTCTTTCTTTATCCTTCCAGATTCGAAATCAATTCGTGCATCAATTCGGGCTCTGGAAACCATAGCCTCCACCATACTGGATATCCCGACTGGTCTTCTGTATGAACTGCTGGGGAAGAATTTTTCAAATAAGTTGCTTCCAATACACAATCTGTTTGGGCATAACCACTTGGTTCATTGTCTTCTGGCAGTGGCCCATCAATCGGGTTGAGTTGCGGTGCTCCAGTTTCGGTGTTTGTTGTCCATCTTCCCCTTTCTGAGTACTGATGTGTCCTGTTGACAGTATCCATGGTGTATCCTGTTCCTGTCCCATGGCTGTAAGGAGGGTCTCCAGTATAAGGGAAAGTTGTGCTTATAGCATTTTGTGCTGGCACTTTTAAG
CY010794.1	244	1983	+	2274	534	42.392260334212835	43.82022471910113	CATGGAGTATGATGCTGTTGCAA	TGGTTATGC	-1.93258853657	-8.71981317441	ATGGATGTCAATCCGACTTTACTTTTCTTAAAAGTGCCAGCACAAAATGCTATAAGCACAACTTTCCCTTATACTGGAGACCCTCCTTACAGCCATGGGACAGGAACAGGATACACCATGGATACTGTCAACAGGACACATCAGTACTCAGAAAGGGGAAGATGGACAACAAACACCGAAACTGGAGCACCGCAACTCAACCCGATTGATGGGCCACTGCCAGAAGACAATGAACCAAGTGGTTATGCCCAAACAGATTGTGTATTGGAAGCAATGGCCTTCCTTGAGGAATCCCATCCTGGTATCTTTGAGACCTCGTGTCTTGAAACGATGGAGGTTGTTCAGCAAACACGAGTGGACAAGCTGACACAAGGCCGACAGACCTATGACTGGACTCTAAATAGGAACCAGCCTGCTGCAACAGCATTGGCCAACACAATAGAAGTGTTCAGATCAAATGGCCTCACGGCCAATGAATCTGGAAGGCTCATAGACTTCCTTAAGGATGTAATGGAGTCAATGAACAAAGAAGAAATGGAGATCACAACTCATTTTCAGAGAAAGAGACGAGTGAGAGACAATATGACTAAGAAAATGGTGACACAGAGAACAATAGGTAAAAGGAAGCAGAGATTGAACAAAAGGAGTTATCTAATTAGGGCATTAACCCTGAACACAATGACCAAAGATGCTGAGAGAGGGAAGCTAAAACGGAGAGCAATTGCAACCCCAGGGATGCAAATAAGGGGGTTTGTATACTTTGTTGAGACACTAGCAAGGAGTATATGTGAGAAACTTGAACAATCAGGATTGCCAGTTGGAGGCAATGAGAAGAAAGCAAAGTTGGCAAATGTTGTAAGGAAGATGATGACCAATTCTCAGGACACTGAAATTTCTTTCACCATCACTGGAGATAACACCAAATGGAACGAAAATCAGAACCCTCGGATGTTTTTGGCCATGATCACATATATAACCAGAAATCAGCCCGAATGGTTCAGAAATGTTCTAAGTATTGCTCCAATAATGTTCTCAAACAAAATGGCGAGACTGGGAAAGGGGTACATGTTTGAGAGCAAGAGTATGAAACTTAGAACTCAAATACCTGCAGAAATGCTAGCAAGCATCGATTTGAAATACTTCAATGATTCAACTAGAAAGAAGATTGAAAAAATCCGGCCGCTCTTAATAGATGGGACTGCATCATTGAGCCCTGGAATGATGATGGGCATGTTCAATATGTTAAGTACTGTATTAGGCGTCTCCATCCTGAATCTTGGACAAAAGAGACACACCAAGACTACTTACTGGTGGGATGGTCTTCAATCTTCTGATGATTTTGCTCTGATTGTGAATGCACCCAATCATGAAGGGATTCAAGCCGGAGTCAACAGGTTTTATCGAACCTGTAAGCTACTTGGAATTAATATGAGCAAGAAAAAGTCTTACATAAACAGAACAGGTACATTTGAATTCACAAGTTTTTTCTATCGTTATGGGTTTGTTGCCAATTTCAGCATGGAGCTTCCCAGCTTTGGGGTGTCTGGGATCAACGAGTCTGCGGACATGAGTATTGGAGTTACTGTCATCAAAAACAATATGATAAACAATGATCTTGGTCCAGCAACCGCTCAAATGGCCCTTCAGCTGTTCATCAAAGATTACAGGTACACGTACCGGTGCCATAGAGGTGACACACAAATACAAACCCGAAGATCATTTGAAATAAAGAAACTGTGGGAGCAAACCCATTCCAAAGCTGGACTGCTGGTCTCCGACGGAGGCCCAAATTTATACAACATTAGAAATCTCCACATTCCTGAAGTCTGCTTGAAATGGGAATTAATGGATGAGGATTACCAGGGGCGTTTATGCAACCCACTGAACCCATTTGTCAACCATAAAGACATTGAATCAGTGAACAATGCAGTGATAATGCCAGCACATGGTCCAGCCAAAAACATGGAGTATGATGCTGTTGCAACAACACATTCCTGGATCCCCAAAAGAAATCGATCCATCTTGAATACAAGCCAAAGAGGAATACTTGAAGATGAACAAATGTACCAAAAGTGCTGCAACTTATTTGAAAAATTCTTCCCCAGCAGTTCATACAGAAGACCAGTCGGGATATCCAGTATGGTGGAGGCTATGGTTTCCAGAGCCCGAATTGATGCACGAATTGATTTCGAATCTGGAAGGATAAAGAAAGAGGAGTTCACTGAGATCATGAAGATCTGTTCCACCATTGAAGAGCTCAGACGGCAAAAATAG	ATGGATGTCAATCCGACTTTACTTTTCTTAAAAGTGCCAGCACAAAATGCTATAAGCACAACTTTCCCTTATACTGGAGACCCTCCTTACAGCCATGGGACAGGAACAGGATACACCATGGATACTGTCAACAGGACACATCAGTACTCAGAAAGGGGAAGATGGACAACAAACACCGAAACTGGAGCACCGCAACTCAACCCGATTGATGGGCCACTGCCAGAAGACAATGAACCAAGTGGAACAACACATTCCTGGATCCCCAAAAGAAATCGATCCATCTTGAATACAAGCCAAAGAGGAATACTTGAAGATGAACAAATGTACCAAAAGTGCTGCAACTTATTTGAAAAATTCTTCCCCAGCAGTTCATACAGAAGACCAGTCGGGATATCCAGTATGGTGGAGGCTATGGTTTCCAGAGCCCGAATTGATGCACGAATTGATTTCGAATCTGGAAGGATAAAGAAAGAGGAGTTCACTGAGATCATGAAGATCTGTTCCACCATTGAAGAGCTCAGACGGCAAAAATAG
CY010794.1	378	1885	+	2274	766	42.392260334212835	44.25587467362924	GGGCGTTTATGCAACCCACTGAA	GCCGACAGA	-11.5829506106	-17.0444729006	ATGGATGTCAATCCGACTTTACTTTTCTTAAAAGTGCCAGCACAAAATGCTATAAGCACAACTTTCCCTTATACTGGAGACCCTCCTTACAGCCATGGGACAGGAACAGGATACACCATGGATACTGTCAACAGGACACATCAGTACTCAGAAAGGGGAAGATGGACAACAAACACCGAAACTGGAGCACCGCAACTCAACCCGATTGATGGGCCACTGCCAGAAGACAATGAACCAAGTGGTTATGCCCAAACAGATTGTGTATTGGAAGCAATGGCCTTCCTTGAGGAATCCCATCCTGGTATCTTTGAGACCTCGTGTCTTGAAACGATGGAGGTTGTTCAGCAAACACGAGTGGACAAGCTGACACAAGGCCGACAGACCTATGACTGGACTCTAAATAGGAACCAGCCTGCTGCAACAGCATTGGCCAACACAATAGAAGTGTTCAGATCAAATGGCCTCACGGCCAATGAATCTGGAAGGCTCATAGACTTCCTTAAGGATGTAATGGAGTCAATGAACAAAGAAGAAATGGAGATCACAACTCATTTTCAGAGAAAGAGACGAGTGAGAGACAATATGACTAAGAAAATGGTGACACAGAGAACAATAGGTAAAAGGAAGCAGAGATTGAACAAAAGGAGTTATCTAATTAGGGCATTAACCCTGAACACAATGACCAAAGATGCTGAGAGAGGGAAGCTAAAACGGAGAGCAATTGCAACCCCAGGGATGCAAATAAGGGGGTTTGTATACTTTGTTGAGACACTAGCAAGGAGTATATGTGAGAAACTTGAACAATCAGGATTGCCAGTTGGAGGCAATGAGAAGAAAGCAAAGTTGGCAAATGTTGTAAGGAAGATGATGACCAATTCTCAGGACACTGAAATTTCTTTCACCATCACTGGAGATAACACCAAATGGAACGAAAATCAGAACCCTCGGATGTTTTTGGCCATGATCACATATATAACCAGAAATCAGCCCGAATGGTTCAGAAATGTTCTAAGTATTGCTCCAATAATGTTCTCAAACAAAATGGCGAGACTGGGAAAGGGGTACATGTTTGAGAGCAAGAGTATGAAACTTAGAACTCAAATACCTGCAGAAATGCTAGCAAGCATCGATTTGAAATACTTCAATGATTCAACTAGAAAGAAGATTGAAAAAATCCGGCCGCTCTTAATAGATGGGACTGCATCATTGAGCCCTGGAATGATGATGGGCATGTTCAATATGTTAAGTACTGTATTAGGCGTCTCCATCCTGAATCTTGGACAAAAGAGACACACCAAGACTACTTACTGGTGGGATGGTCTTCAATCTTCTGATGATTTTGCTCTGATTGTGAATGCACCCAATCATGAAGGGATTCAAGCCGGAGTCAACAGGTTTTATCGAACCTGTAAGCTACTTGGAATTAATATGAGCAAGAAAAAGTCTTACATAAACAGAACAGGTACATTTGAATTCACAAGTTTTTTCTATCGTTATGGGTTTGTTGCCAATTTCAGCATGGAGCTTCCCAGCTTTGGGGTGTCTGGGATCAACGAGTCTGCGGACATGAGTATTGGAGTTACTGTCATCAAAAACAATATGATAAACAATGATCTTGGTCCAGCAACCGCTCAAATGGCCCTTCAGCTGTTCATCAAAGATTACAGGTACACGTACCGGTGCCATAGAGGTGACACACAAATACAAACCCGAAGATCATTTGAAATAAAGAAACTGTGGGAGCAAACCCATTCCAAAGCTGGACTGCTGGTCTCCGACGGAGGCCCAAATTTATACAACATTAGAAATCTCCACATTCCTGAAGTCTGCTTGAAATGGGAATTAATGGATGAGGATTACCAGGGGCGTTTATGCAACCCACTGAACCCATTTGTCAACCATAAAGACATTGAATCAGTGAACAATGCAGTGATAATGCCAGCACATGGTCCAGCCAAAAACATGGAGTATGATGCTGTTGCAACAACACATTCCTGGATCCCCAAAAGAAATCGATCCATCTTGAATACAAGCCAAAGAGGAATACTTGAAGATGAACAAATGTACCAAAAGTGCTGCAACTTATTTGAAAAATTCTTCCCCAGCAGTTCATACAGAAGACCAGTCGGGATATCCAGTATGGTGGAGGCTATGGTTTCCAGAGCCCGAATTGATGCACGAATTGATTTCGAATCTGGAAGGATAAAGAAAGAGGAGTTCACTGAGATCATGAAGATCTGTTCCACCATTGAAGAGCTCAGACGGCAAAAATAG	ATGGATGTCAATCCGACTTTACTTTTCTTAAAAGTGCCAGCACAAAATGCTATAAGCACAACTTTCCCTTATACTGGAGACCCTCCTTACAGCCATGGGACAGGAACAGGATACACCATGGATACTGTCAACAGGACACATCAGTACTCAGAAAGGGGAAGATGGACAACAAACACCGAAACTGGAGCACCGCAACTCAACCCGATTGATGGGCCACTGCCAGAAGACAATGAACCAAGTGGTTATGCCCAAACAGATTGTGTATTGGAAGCAATGGCCTTCCTTGAGGAATCCCATCCTGGTATCTTTGAGACCTCGTGTCTTGAAACGATGGAGGTTGTTCAGCAAACACGAGTGGACAAGCTGACACAAGGCCAACCCATTTGTCAACCATAAAGACATTGAATCAGTGAACAATGCAGTGATAATGCCAGCACATGGTCCAGCCAAAAACATGGAGTATGATGCTGTTGCAACAACACATTCCTGGATCCCCAAAAGAAATCGATCCATCTTGAATACAAGCCAAAGAGGAATACTTGAAGATGAACAAATGTACCAAAAGTGCTGCAACTTATTTGAAAAATTCTTCCCCAGCAGTTCATACAGAAGACCAGTCGGGATATCCAGTATGGTGGAGGCTATGGTTTCCAGAGCCCGAATTGATGCACGAATTGATTTCGAATCTGGAAGGATAAAGAAAGAGGAGTTCACTGAGATCATGAAGATCTGTTCCACCATTGAAGAGCTCAGACGGCAAAAATAG
CY010794.1	378	1885	-	2274	766	42.34828496042216	44.90861618798956	GGGCGTTTATGCAACCCACTGAA	GCCGACAGA	-11.5829506106	-17.0444729006	TTTTCATGAAGGACAAGCTAAATTCACTATTTTTGCCGTCTGAGCTCTTCAATGGTGGAACAGATCTTCATGATCTCAGTGAACTCCTCTTTCTTTATCCTTCCAGATTCGAAATCAATTCGTGCATCAATTCGGGCTCTGGAAACCATAGCCTCCACCATACTGGATATCCCGACTGGTCTTCTGTATGAACTGCTGGGGAAGAATTTTTCAAATAAGTTGCAGCACTTTTGGTACATTTGTTCATCTTCAAGTATTCCTCTTTGGCTTGTATTCAAGATGGATCGATTTCTTTTGGGGATCCAGGAATGTGTTGTTGCAACAGCATCATACTCCATGTTTTTGGCTGGACCATGTGCTGGCATTATCACTGCATTGTTCACTGATTCAATGTCTTTATGGTTGACAAATGGGTTCAGTGGGTTGCATAAACGCCCCTGGTAATCCTCATCCATTAATTCCCATTTCAAGCAGACTTCAGGAATGTGGAGATTTCTAATGTTGTATAAATTTGGGCCTCCGTCGGAGACCAGCAGTCCAGCTTTGGAATGGGTTTGCTCCCACAGTTTCTTTATTTCAAATGATCTTCGGGTTTGTATTTGTGTGTCACCTCTATGGCACCGGTACGTGTACCTGTAATCTTTGATGAACAGCTGAAGGGCCATTTGAGCGGTTGCTGGACCAAGATCATTGTTTATCATATTGTTTTTGATGACAGTAACTCCAATACTCATGTCCGCAGACTCGTTGATCCCAGACACCCCAAAGCTGGGAAGCTCCATGCTGAAATTGGCAACAAACCCATAACGATAGAAAAAACTTGTGAATTCAAATGTACCTGTTCTGTTTATGTAAGACTTTTTCTTGCTCATATTAATTCCAAGTAGCTTACAGGTTCGATAAAACCTGTTGACTCCGGCTTGAATCCCTTCATGATTGGGTGCATTCACAATCAGAGCAAAATCATCAGAAGATTGAAGACCATCCCACCAGTAAGTAGTCTTGGTGTGTCTCTTTTGTCCAAGATTCAGGATGGAGACGCCTAATACAGTACTTAACATATTGAACATGCCCATCATCATTCCAGGGCTCAATGATGCAGTCCCATCTATTAAGAGCGGCCGGATTTTTTCAATCTTCTTTCTAGTTGAATCATTGAAGTATTTCAAATCGATGCTTGCTAGCATTTCTGCAGGTATTTGAGTTCTAAGTTTCATACTCTTGCTCTCAAACATGTACCCCTTTCCCAGTCTCGCCATTTTGTTTGAGAACATTATTGGAGCAATACTTAGAACATTTCTGAACCATTCGGGCTGATTTCTGGTTATATATGTGATCATGGCCAAAAACATCCGAGGGTTCTGATTTTCGTTCCATTTGGTGTTATCTCCAGTGATGGTGAAAGAAATTTCAGTGTCCTGAGAATTGGTCATCATCTTCCTTACAACATTTGCCAACTTTGCTTTCTTCTCATTGCCTCCAACTGGCAATCCTGATTGTTCAAGTTTCTCACATATACTCCTTGCTAGTGTCTCAACAAAGTATACAAACCCCCTTATTTGCATCCCTGGGGTTGCAATTGCTCTCCGTTTTAGCTTCCCTCTCTCAGCATCTTTGGTCATTGTGTTCAGGGTTAATGCCCTAATTAGATAACTCCTTTTGTTCAATCTCTGCTTCCTTTTACCTATTGTTCTCTGTGTCACCATTTTCTTAGTCATATTGTCTCTCACTCGTCTCTTTCTCTGAAAATGAGTTGTGATCTCCATTTCTTCTTTGTTCATTGACTCCATTACATCCTTAAGGAAGTCTATGAGCCTTCCAGATTCATTGGCCGTGAGGCCATTTGATCTGAACACTTCTATTGTGTTGGCCAATGCTGTTGCAGCAGGCTGGTTCCTATTTAGAGTCCAGTCATAGGTCTGTCGGCCTTGTGTCAGCTTGTCCACTCGTGTTTGCTGAACAACCTCCATCGTTTCAAGACACGAGGTCTCAAAGATACCAGGATGGGATTCCTCAAGGAAGGCCATTGCTTCCAATACACAATCTGTTTGGGCATAACCACTTGGTTCATTGTCTTCTGGCAGTGGCCCATCAATCGGGTTGAGTTGCGGTGCTCCAGTTTCGGTGTTTGTTGTCCATCTTCCCCTTTCTGAGTACTGATGTGTCCTGTTGACAGTATCCATGGTGTATCCTGTTCCTGTCCCATGGCTGTAAGGAGGGTCTCCAGTATAAGGGAAAGTTGTGCTTATAGCATTTTGTGCTGGCACTTTTAAG	TTTTCATGAAGGACAAGCTAAATTCACTATTTTTGCCGTCTGAGCTCTTCAATGGTGGAACAGATCTTCATGATCTCAGTGAACTCCTCTTTCTTTATCCTTCCAGATTCGAAATCAATTCGTGCATCAATTCGGGCTCTGGAAACCATAGCCTCCACCATACTGGATATCCCGACTGGTCTTCTGTATGAACTGCTGGGGAAGAATTTTTCAAATAAGTTGCAGCACTTTTGGTACATTTGTTCATCTTCAAGTATTCCTCTTTGGCTTGTATTCAAGATGGATCGATTTCTTTTGGGGATCCAGGAATGTGTTGTTGCAACAGCATCATACTCCATGTTTTTGGCTGGACCATGTGCTGGCATTATCACTGCATGCAGGCTGGTTCCTATTTAGAGTCCAGTCATAGGTCTGTCGGCCTTGTGTCAGCTTGTCCACTCGTGTTTGCTGAACAACCTCCATCGTTTCAAGACACGAGGTCTCAAAGATACCAGGATGGGATTCCTCAAGGAAGGCCATTGCTTCCAATACACAATCTGTTTGGGCATAACCACTTGGTTCATTGTCTTCTGGCAGTGGCCCATCAATCGGGTTGAGTTGCGGTGCTCCAGTTTCGGTGTTTGTTGTCCATCTTCCCCTTTCTGAGTACTGATGTGTCCTGTTGACAGTATCCATGGTGTATCCTGTTCCTGTCCCATGGCTGTAAGGAGGGTCTCCAGTATAAGGGAAAGTTGTGCTTATAGCATTTTGTGCTGGCACTTTTAAG
CY010793.1	106	1999	+	2151	257	42.91027429102743	44.74708171206226	GAAGGATTTTCAGCTGAATCAAG	CGAAACAAA	-31.573072769	-27.1565652442	ATGGAAGATTTTGTGCGACAATGCTTCAATCCGATGATTGTCGAGCTTGCGGAAAAGGCAATGAAAGAGTATGGAGAGGACCTGAAAATCGAAACAAACAAATTTGCAGCAATATGCACTCACTTGGAAGTGTGCTTCATGTATTCAGATTTTCACTTCATCGATGAGCAAGGCGAGTCAATAGTCGTAGAACTTGGCGATCCAAATGCACTTTTGAAGCACAGATTTGAAATAATCGAGGGAAGAGATCGCACAATAGCCTGGACAGTAATAAACAGTATTTGCAACACTACAGGGGCTGAGAAACCAAAGTTTCTACCAGATTTGTATGATTACAAGAAGAATAGATTCATCGAAATTGGAGTAACAAGGAGAGAAGTTCACATATACTATCTGGAAAAGGCCAATAAAATTAAATCTGAGAAGACACACATCCACATTTTCTCATTCACTGGGGAGGAAATGGCCACAAAGGCCGACTACACTCTCGATGAAGAAAGCAGGGCTAGGATCAAAACCAGGCTATTCACCATAAGACAAGAAATGGCTAGCAGAGGCCTCTGGGATTCCTTTCGTCAGTCCGAGAGAGGCGAAGAGACAATTGAAGAAAGATTTGAAATCACAGGAACAATGCGCAAGCTTGCCGACCAAAGTCTCCCGCCAAACTTCTCCAGCCTTGAAAATTTTAGAGCCTATGTGGATGGATTCGAACCGAACGGCTACATTGAGGGCAAGCTTTCTCAAATGTCCAAAGAAGTAAATGCTAGAATTGAACCTTTTTTGAAATCAACACCACGACCACTTAGACTTCCGGATGGGCCTCCCTGTTCTCAGCGGTCCAAATTCCTGCTGATGGATGCCTTAAAATTAAGCATTGAGGACCCAAGTCATGAGGGAGAGGGGATACCGCTATATGATGCAATCAAATGCATGAGAACATTCTTTGGATGGAAGGAACCCAATGTTGTTAAACCACACGAAAAGGGAATAAATCCAAATTATCTTCTGTCATGGAAGCAAGTACTGGCAGAACTGCAGGACATTGAGAATGAGGAGAAAATTCCAAGGACTAAAAATATGAAGAAAACGAGTCAGTTAAAGTGGGCACTTGGTGAGAACATGGCACCAGAAAAGGTAGACTTTGACGATTGTAAAGATGTAGGCGATTTGAAGCAATATGATAGTGATGAACCAGAATTGAGGTCGCTTGCAAGTTGGATTCAGAATGAGTTCAACAAGGCATGTGAACTGACCGATTCAAGCTGGATAGAGCTCGATGAGATTGGAGAAGATGCGGCTCCAATTGAACACATTGCAAGCATGAGAAGGAATTATTTCACAGCAGAGGTGTCTCATTGCAGAGCCACAGAATACATAATGAAGGGGGTGTACATCAATACTGCCTTGCTTAATGCATCCTGTGCAGCAATGGATGATTTCCAATTGATTCCAATGATAAGCAAGTGTAGAACTAAGGAGGGAAGGCGAAAGACCAATTTGTACGGTTTCATCATAAAAGGAAGATCCCACTTAAGGAATGACACCGATGTGGTAAACTTTGTGAGCATGGAGTTTTCCCTCACTGACCCAAGACTTGAACCACACAAATGGGAGAAGTACTGTGTTCTTGAGGTAGGAGATATGCTTCTAAGAAGTGCCATAGGCCATGTGTCAAGGCCTATGTTCTTGTATGTGAGGACAAATGGAACCTCAAAAATTAAAATGAAATGGGGGATGGAAATGAGGCGTTGCCTCCTTCAGTCACTTCAACAAATCGAGAGTATGATTGAAGCTGAGTCCTCTGTCAAGGAGAAAGACATGACCAAAGAGTTCTTTGAAAACAAATCAGAAACATGGCCCGTTGGAGAGTCCCCCAAAGGAGTGGAGGAAGGTTCCATTGGGAAGGTCTGCAGAACTTTATTGGCAAAGTCGGTATTCAACAGCTTGTATGCATCTCCACAACTGGAAGGATTTTCAGCTGAATCAAGAAAACTGCTTCTTATCGTTCAGGCTCTTAGGGACAACCTGGAACCTGGGACCTTTGATCTTGGGGGGCTATATGAAGCAATTGAGGAGTGCCTGATTAATGATCCCTGGGTTTTGCTTAATGCTTCTTGGTTCAACTCCTTCCTCACACATGCATTGAGATAG	ATGGAAGATTTTGTGCGACAATGCTTCAATCCGATGATTGTCGAGCTTGCGGAAAAGGCAATGAAAGAGTATGGAGAGGACCTGAAAATCGAAGAAAACTGCTTCTTATCGTTCAGGCTCTTAGGGACAACCTGGAACCTGGGACCTTTGATCTTGGGGGGCTATATGAAGCAATTGAGGAGTGCCTGATTAATGATCCCTGGGTTTTGCTTAATGCTTCTTGGTTCAACTCCTTCCTCACACATGCATTGAGATAG
CY010793.1	130	1998	+	2151	282	42.91027429102743	43.262411347517734	GGAAGGATTTTCAGCTGAATCAA	ATGCACTCA	-24.9711961818	-16.486707763	ATGGAAGATTTTGTGCGACAATGCTTCAATCCGATGATTGTCGAGCTTGCGGAAAAGGCAATGAAAGAGTATGGAGAGGACCTGAAAATCGAAACAAACAAATTTGCAGCAATATGCACTCACTTGGAAGTGTGCTTCATGTATTCAGATTTTCACTTCATCGATGAGCAAGGCGAGTCAATAGTCGTAGAACTTGGCGATCCAAATGCACTTTTGAAGCACAGATTTGAAATAATCGAGGGAAGAGATCGCACAATAGCCTGGACAGTAATAAACAGTATTTGCAACACTACAGGGGCTGAGAAACCAAAGTTTCTACCAGATTTGTATGATTACAAGAAGAATAGATTCATCGAAATTGGAGTAACAAGGAGAGAAGTTCACATATACTATCTGGAAAAGGCCAATAAAATTAAATCTGAGAAGACACACATCCACATTTTCTCATTCACTGGGGAGGAAATGGCCACAAAGGCCGACTACACTCTCGATGAAGAAAGCAGGGCTAGGATCAAAACCAGGCTATTCACCATAAGACAAGAAATGGCTAGCAGAGGCCTCTGGGATTCCTTTCGTCAGTCCGAGAGAGGCGAAGAGACAATTGAAGAAAGATTTGAAATCACAGGAACAATGCGCAAGCTTGCCGACCAAAGTCTCCCGCCAAACTTCTCCAGCCTTGAAAATTTTAGAGCCTATGTGGATGGATTCGAACCGAACGGCTACATTGAGGGCAAGCTTTCTCAAATGTCCAAAGAAGTAAATGCTAGAATTGAACCTTTTTTGAAATCAACACCACGACCACTTAGACTTCCGGATGGGCCTCCCTGTTCTCAGCGGTCCAAATTCCTGCTGATGGATGCCTTAAAATTAAGCATTGAGGACCCAAGTCATGAGGGAGAGGGGATACCGCTATATGATGCAATCAAATGCATGAGAACATTCTTTGGATGGAAGGAACCCAATGTTGTTAAACCACACGAAAAGGGAATAAATCCAAATTATCTTCTGTCATGGAAGCAAGTACTGGCAGAACTGCAGGACATTGAGAATGAGGAGAAAATTCCAAGGACTAAAAATATGAAGAAAACGAGTCAGTTAAAGTGGGCACTTGGTGAGAACATGGCACCAGAAAAGGTAGACTTTGACGATTGTAAAGATGTAGGCGATTTGAAGCAATATGATAGTGATGAACCAGAATTGAGGTCGCTTGCAAGTTGGATTCAGAATGAGTTCAACAAGGCATGTGAACTGACCGATTCAAGCTGGATAGAGCTCGATGAGATTGGAGAAGATGCGGCTCCAATTGAACACATTGCAAGCATGAGAAGGAATTATTTCACAGCAGAGGTGTCTCATTGCAGAGCCACAGAATACATAATGAAGGGGGTGTACATCAATACTGCCTTGCTTAATGCATCCTGTGCAGCAATGGATGATTTCCAATTGATTCCAATGATAAGCAAGTGTAGAACTAAGGAGGGAAGGCGAAAGACCAATTTGTACGGTTTCATCATAAAAGGAAGATCCCACTTAAGGAATGACACCGATGTGGTAAACTTTGTGAGCATGGAGTTTTCCCTCACTGACCCAAGACTTGAACCACACAAATGGGAGAAGTACTGTGTTCTTGAGGTAGGAGATATGCTTCTAAGAAGTGCCATAGGCCATGTGTCAAGGCCTATGTTCTTGTATGTGAGGACAAATGGAACCTCAAAAATTAAAATGAAATGGGGGATGGAAATGAGGCGTTGCCTCCTTCAGTCACTTCAACAAATCGAGAGTATGATTGAAGCTGAGTCCTCTGTCAAGGAGAAAGACATGACCAAAGAGTTCTTTGAAAACAAATCAGAAACATGGCCCGTTGGAGAGTCCCCCAAAGGAGTGGAGGAAGGTTCCATTGGGAAGGTCTGCAGAACTTTATTGGCAAAGTCGGTATTCAACAGCTTGTATGCATCTCCACAACTGGAAGGATTTTCAGCTGAATCAAGAAAACTGCTTCTTATCGTTCAGGCTCTTAGGGACAACCTGGAACCTGGGACCTTTGATCTTGGGGGGCTATATGAAGCAATTGAGGAGTGCCTGATTAATGATCCCTGGGTTTTGCTTAATGCTTCTTGGTTCAACTCCTTCCTCACACATGCATTGAGATAG	ATGGAAGATTTTGTGCGACAATGCTTCAATCCGATGATTGTCGAGCTTGCGGAAAAGGCAATGAAAGAGTATGGAGAGGACCTGAAAATCGAAACAAACAAATTTGCAGCAATATGAAGAAAACTGCTTCTTATCGTTCAGGCTCTTAGGGACAACCTGGAACCTGGGACCTTTGATCTTGGGGGGCTATATGAAGCAATTGAGGAGTGCCTGATTAATGATCCCTGGGTTTTGCTTAATGCTTCTTGGTTCAACTCCTTCCTCACACATGCATTGAGATAG
CY010793.1	216	1962	+	2151	404	42.91027429102743	43.56435643564357	GTCGGTATTCAACAGCTTGTATG	ATCCAAATG	-17.9951674167	-19.5924989924	ATGGAAGATTTTGTGCGACAATGCTTCAATCCGATGATTGTCGAGCTTGCGGAAAAGGCAATGAAAGAGTATGGAGAGGACCTGAAAATCGAAACAAACAAATTTGCAGCAATATGCACTCACTTGGAAGTGTGCTTCATGTATTCAGATTTTCACTTCATCGATGAGCAAGGCGAGTCAATAGTCGTAGAACTTGGCGATCCAAATGCACTTTTGAAGCACAGATTTGAAATAATCGAGGGAAGAGATCGCACAATAGCCTGGACAGTAATAAACAGTATTTGCAACACTACAGGGGCTGAGAAACCAAAGTTTCTACCAGATTTGTATGATTACAAGAAGAATAGATTCATCGAAATTGGAGTAACAAGGAGAGAAGTTCACATATACTATCTGGAAAAGGCCAATAAAATTAAATCTGAGAAGACACACATCCACATTTTCTCATTCACTGGGGAGGAAATGGCCACAAAGGCCGACTACACTCTCGATGAAGAAAGCAGGGCTAGGATCAAAACCAGGCTATTCACCATAAGACAAGAAATGGCTAGCAGAGGCCTCTGGGATTCCTTTCGTCAGTCCGAGAGAGGCGAAGAGACAATTGAAGAAAGATTTGAAATCACAGGAACAATGCGCAAGCTTGCCGACCAAAGTCTCCCGCCAAACTTCTCCAGCCTTGAAAATTTTAGAGCCTATGTGGATGGATTCGAACCGAACGGCTACATTGAGGGCAAGCTTTCTCAAATGTCCAAAGAAGTAAATGCTAGAATTGAACCTTTTTTGAAATCAACACCACGACCACTTAGACTTCCGGATGGGCCTCCCTGTTCTCAGCGGTCCAAATTCCTGCTGATGGATGCCTTAAAATTAAGCATTGAGGACCCAAGTCATGAGGGAGAGGGGATACCGCTATATGATGCAATCAAATGCATGAGAACATTCTTTGGATGGAAGGAACCCAATGTTGTTAAACCACACGAAAAGGGAATAAATCCAAATTATCTTCTGTCATGGAAGCAAGTACTGGCAGAACTGCAGGACATTGAGAATGAGGAGAAAATTCCAAGGACTAAAAATATGAAGAAAACGAGTCAGTTAAAGTGGGCACTTGGTGAGAACATGGCACCAGAAAAGGTAGACTTTGACGATTGTAAAGATGTAGGCGATTTGAAGCAATATGATAGTGATGAACCAGAATTGAGGTCGCTTGCAAGTTGGATTCAGAATGAGTTCAACAAGGCATGTGAACTGACCGATTCAAGCTGGATAGAGCTCGATGAGATTGGAGAAGATGCGGCTCCAATTGAACACATTGCAAGCATGAGAAGGAATTATTTCACAGCAGAGGTGTCTCATTGCAGAGCCACAGAATACATAATGAAGGGGGTGTACATCAATACTGCCTTGCTTAATGCATCCTGTGCAGCAATGGATGATTTCCAATTGATTCCAATGATAAGCAAGTGTAGAACTAAGGAGGGAAGGCGAAAGACCAATTTGTACGGTTTCATCATAAAAGGAAGATCCCACTTAAGGAATGACACCGATGTGGTAAACTTTGTGAGCATGGAGTTTTCCCTCACTGACCCAAGACTTGAACCACACAAATGGGAGAAGTACTGTGTTCTTGAGGTAGGAGATATGCTTCTAAGAAGTGCCATAGGCCATGTGTCAAGGCCTATGTTCTTGTATGTGAGGACAAATGGAACCTCAAAAATTAAAATGAAATGGGGGATGGAAATGAGGCGTTGCCTCCTTCAGTCACTTCAACAAATCGAGAGTATGATTGAAGCTGAGTCCTCTGTCAAGGAGAAAGACATGACCAAAGAGTTCTTTGAAAACAAATCAGAAACATGGCCCGTTGGAGAGTCCCCCAAAGGAGTGGAGGAAGGTTCCATTGGGAAGGTCTGCAGAACTTTATTGGCAAAGTCGGTATTCAACAGCTTGTATGCATCTCCACAACTGGAAGGATTTTCAGCTGAATCAAGAAAACTGCTTCTTATCGTTCAGGCTCTTAGGGACAACCTGGAACCTGGGACCTTTGATCTTGGGGGGCTATATGAAGCAATTGAGGAGTGCCTGATTAATGATCCCTGGGTTTTGCTTAATGCTTCTTGGTTCAACTCCTTCCTCACACATGCATTGAGATAG	ATGGAAGATTTTGTGCGACAATGCTTCAATCCGATGATTGTCGAGCTTGCGGAAAAGGCAATGAAAGAGTATGGAGAGGACCTGAAAATCGAAACAAACAAATTTGCAGCAATATGCACTCACTTGGAAGTGTGCTTCATGTATTCAGATTTTCACTTCATCGATGAGCAAGGCGAGTCAATAGTCGTAGAACTTGGCGATCTGCATCTCCACAACTGGAAGGATTTTCAGCTGAATCAAGAAAACTGCTTCTTATCGTTCAGGCTCTTAGGGACAACCTGGAACCTGGGACCTTTGATCTTGGGGGGCTATATGAAGCAATTGAGGAGTGCCTGATTAATGATCCCTGGGTTTTGCTTAATGCTTCTTGGTTCAACTCCTTCCTCACACATGCATTGAGATAG
CY010793.1	284	1920	+	2151	514	42.91027429102743	42.996108949416346	GGAAGGTTCCATTGGGAAGGTCT	GTAATAAAC	-12.7033210385	-12.9315566133	ATGGAAGATTTTGTGCGACAATGCTTCAATCCGATGATTGTCGAGCTTGCGGAAAAGGCAATGAAAGAGTATGGAGAGGACCTGAAAATCGAAACAAACAAATTTGCAGCAATATGCACTCACTTGGAAGTGTGCTTCATGTATTCAGATTTTCACTTCATCGATGAGCAAGGCGAGTCAATAGTCGTAGAACTTGGCGATCCAAATGCACTTTTGAAGCACAGATTTGAAATAATCGAGGGAAGAGATCGCACAATAGCCTGGACAGTAATAAACAGTATTTGCAACACTACAGGGGCTGAGAAACCAAAGTTTCTACCAGATTTGTATGATTACAAGAAGAATAGATTCATCGAAATTGGAGTAACAAGGAGAGAAGTTCACATATACTATCTGGAAAAGGCCAATAAAATTAAATCTGAGAAGACACACATCCACATTTTCTCATTCACTGGGGAGGAAATGGCCACAAAGGCCGACTACACTCTCGATGAAGAAAGCAGGGCTAGGATCAAAACCAGGCTATTCACCATAAGACAAGAAATGGCTAGCAGAGGCCTCTGGGATTCCTTTCGTCAGTCCGAGAGAGGCGAAGAGACAATTGAAGAAAGATTTGAAATCACAGGAACAATGCGCAAGCTTGCCGACCAAAGTCTCCCGCCAAACTTCTCCAGCCTTGAAAATTTTAGAGCCTATGTGGATGGATTCGAACCGAACGGCTACATTGAGGGCAAGCTTTCTCAAATGTCCAAAGAAGTAAATGCTAGAATTGAACCTTTTTTGAAATCAACACCACGACCACTTAGACTTCCGGATGGGCCTCCCTGTTCTCAGCGGTCCAAATTCCTGCTGATGGATGCCTTAAAATTAAGCATTGAGGACCCAAGTCATGAGGGAGAGGGGATACCGCTATATGATGCAATCAAATGCATGAGAACATTCTTTGGATGGAAGGAACCCAATGTTGTTAAACCACACGAAAAGGGAATAAATCCAAATTATCTTCTGTCATGGAAGCAAGTACTGGCAGAACTGCAGGACATTGAGAATGAGGAGAAAATTCCAAGGACTAAAAATATGAAGAAAACGAGTCAGTTAAAGTGGGCACTTGGTGAGAACATGGCACCAGAAAAGGTAGACTTTGACGATTGTAAAGATGTAGGCGATTTGAAGCAATATGATAGTGATGAACCAGAATTGAGGTCGCTTGCAAGTTGGATTCAGAATGAGTTCAACAAGGCATGTGAACTGACCGATTCAAGCTGGATAGAGCTCGATGAGATTGGAGAAGATGCGGCTCCAATTGAACACATTGCAAGCATGAGAAGGAATTATTTCACAGCAGAGGTGTCTCATTGCAGAGCCACAGAATACATAATGAAGGGGGTGTACATCAATACTGCCTTGCTTAATGCATCCTGTGCAGCAATGGATGATTTCCAATTGATTCCAATGATAAGCAAGTGTAGAACTAAGGAGGGAAGGCGAAAGACCAATTTGTACGGTTTCATCATAAAAGGAAGATCCCACTTAAGGAATGACACCGATGTGGTAAACTTTGTGAGCATGGAGTTTTCCCTCACTGACCCAAGACTTGAACCACACAAATGGGAGAAGTACTGTGTTCTTGAGGTAGGAGATATGCTTCTAAGAAGTGCCATAGGCCATGTGTCAAGGCCTATGTTCTTGTATGTGAGGACAAATGGAACCTCAAAAATTAAAATGAAATGGGGGATGGAAATGAGGCGTTGCCTCCTTCAGTCACTTCAACAAATCGAGAGTATGATTGAAGCTGAGTCCTCTGTCAAGGAGAAAGACATGACCAAAGAGTTCTTTGAAAACAAATCAGAAACATGGCCCGTTGGAGAGTCCCCCAAAGGAGTGGAGGAAGGTTCCATTGGGAAGGTCTGCAGAACTTTATTGGCAAAGTCGGTATTCAACAGCTTGTATGCATCTCCACAACTGGAAGGATTTTCAGCTGAATCAAGAAAACTGCTTCTTATCGTTCAGGCTCTTAGGGACAACCTGGAACCTGGGACCTTTGATCTTGGGGGGCTATATGAAGCAATTGAGGAGTGCCTGATTAATGATCCCTGGGTTTTGCTTAATGCTTCTTGGTTCAACTCCTTCCTCACACATGCATTGAGATAG	ATGGAAGATTTTGTGCGACAATGCTTCAATCCGATGATTGTCGAGCTTGCGGAAAAGGCAATGAAAGAGTATGGAGAGGACCTGAAAATCGAAACAAACAAATTTGCAGCAATATGCACTCACTTGGAAGTGTGCTTCATGTATTCAGATTTTCACTTCATCGATGAGCAAGGCGAGTCAATAGTCGTAGAACTTGGCGATCCAAATGCACTTTTGAAGCACAGATTTGAAATAATCGAGGGAAGAGATCGCACAATAGCCTGGACAGTACTGCAGAACTTTATTGGCAAAGTCGGTATTCAACAGCTTGTATGCATCTCCACAACTGGAAGGATTTTCAGCTGAATCAAGAAAACTGCTTCTTATCGTTCAGGCTCTTAGGGACAACCTGGAACCTGGGACCTTTGATCTTGGGGGGCTATATGAAGCAATTGAGGAGTGCCTGATTAATGATCCCTGGGTTTTGCTTAATGCTTCTTGGTTCAACTCCTTCCTCACACATGCATTGAGATAG
CY010793.1	358	1793	+	2151	715	42.91027429102743	42.7972027972028	AGTCACTTCAACAAATCGAGAGT	GAATAGATT	-17.2536402245	-11.1462225566	ATGGAAGATTTTGTGCGACAATGCTTCAATCCGATGATTGTCGAGCTTGCGGAAAAGGCAATGAAAGAGTATGGAGAGGACCTGAAAATCGAAACAAACAAATTTGCAGCAATATGCACTCACTTGGAAGTGTGCTTCATGTATTCAGATTTTCACTTCATCGATGAGCAAGGCGAGTCAATAGTCGTAGAACTTGGCGATCCAAATGCACTTTTGAAGCACAGATTTGAAATAATCGAGGGAAGAGATCGCACAATAGCCTGGACAGTAATAAACAGTATTTGCAACACTACAGGGGCTGAGAAACCAAAGTTTCTACCAGATTTGTATGATTACAAGAAGAATAGATTCATCGAAATTGGAGTAACAAGGAGAGAAGTTCACATATACTATCTGGAAAAGGCCAATAAAATTAAATCTGAGAAGACACACATCCACATTTTCTCATTCACTGGGGAGGAAATGGCCACAAAGGCCGACTACACTCTCGATGAAGAAAGCAGGGCTAGGATCAAAACCAGGCTATTCACCATAAGACAAGAAATGGCTAGCAGAGGCCTCTGGGATTCCTTTCGTCAGTCCGAGAGAGGCGAAGAGACAATTGAAGAAAGATTTGAAATCACAGGAACAATGCGCAAGCTTGCCGACCAAAGTCTCCCGCCAAACTTCTCCAGCCTTGAAAATTTTAGAGCCTATGTGGATGGATTCGAACCGAACGGCTACATTGAGGGCAAGCTTTCTCAAATGTCCAAAGAAGTAAATGCTAGAATTGAACCTTTTTTGAAATCAACACCACGACCACTTAGACTTCCGGATGGGCCTCCCTGTTCTCAGCGGTCCAAATTCCTGCTGATGGATGCCTTAAAATTAAGCATTGAGGACCCAAGTCATGAGGGAGAGGGGATACCGCTATATGATGCAATCAAATGCATGAGAACATTCTTTGGATGGAAGGAACCCAATGTTGTTAAACCACACGAAAAGGGAATAAATCCAAATTATCTTCTGTCATGGAAGCAAGTACTGGCAGAACTGCAGGACATTGAGAATGAGGAGAAAATTCCAAGGACTAAAAATATGAAGAAAACGAGTCAGTTAAAGTGGGCACTTGGTGAGAACATGGCACCAGAAAAGGTAGACTTTGACGATTGTAAAGATGTAGGCGATTTGAAGCAATATGATAGTGATGAACCAGAATTGAGGTCGCTTGCAAGTTGGATTCAGAATGAGTTCAACAAGGCATGTGAACTGACCGATTCAAGCTGGATAGAGCTCGATGAGATTGGAGAAGATGCGGCTCCAATTGAACACATTGCAAGCATGAGAAGGAATTATTTCACAGCAGAGGTGTCTCATTGCAGAGCCACAGAATACATAATGAAGGGGGTGTACATCAATACTGCCTTGCTTAATGCATCCTGTGCAGCAATGGATGATTTCCAATTGATTCCAATGATAAGCAAGTGTAGAACTAAGGAGGGAAGGCGAAAGACCAATTTGTACGGTTTCATCATAAAAGGAAGATCCCACTTAAGGAATGACACCGATGTGGTAAACTTTGTGAGCATGGAGTTTTCCCTCACTGACCCAAGACTTGAACCACACAAATGGGAGAAGTACTGTGTTCTTGAGGTAGGAGATATGCTTCTAAGAAGTGCCATAGGCCATGTGTCAAGGCCTATGTTCTTGTATGTGAGGACAAATGGAACCTCAAAAATTAAAATGAAATGGGGGATGGAAATGAGGCGTTGCCTCCTTCAGTCACTTCAACAAATCGAGAGTATGATTGAAGCTGAGTCCTCTGTCAAGGAGAAAGACATGACCAAAGAGTTCTTTGAAAACAAATCAGAAACATGGCCCGTTGGAGAGTCCCCCAAAGGAGTGGAGGAAGGTTCCATTGGGAAGGTCTGCAGAACTTTATTGGCAAAGTCGGTATTCAACAGCTTGTATGCATCTCCACAACTGGAAGGATTTTCAGCTGAATCAAGAAAACTGCTTCTTATCGTTCAGGCTCTTAGGGACAACCTGGAACCTGGGACCTTTGATCTTGGGGGGCTATATGAAGCAATTGAGGAGTGCCTGATTAATGATCCCTGGGTTTTGCTTAATGCTTCTTGGTTCAACTCCTTCCTCACACATGCATTGAGATAG	ATGGAAGATTTTGTGCGACAATGCTTCAATCCGATGATTGTCGAGCTTGCGGAAAAGGCAATGAAAGAGTATGGAGAGGACCTGAAAATCGAAACAAACAAATTTGCAGCAATATGCACTCACTTGGAAGTGTGCTTCATGTATTCAGATTTTCACTTCATCGATGAGCAAGGCGAGTCAATAGTCGTAGAACTTGGCGATCCAAATGCACTTTTGAAGCACAGATTTGAAATAATCGAGGGAAGAGATCGCACAATAGCCTGGACAGTAATAAACAGTATTTGCAACACTACAGGGGCTGAGAAACCAAAGTTTCTACCAGATTTGTATGATTACAAGAAGAAGTATGATTGAAGCTGAGTCCTCTGTCAAGGAGAAAGACATGACCAAAGAGTTCTTTGAAAACAAATCAGAAACATGGCCCGTTGGAGAGTCCCCCAAAGGAGTGGAGGAAGGTTCCATTGGGAAGGTCTGCAGAACTTTATTGGCAAAGTCGGTATTCAACAGCTTGTATGCATCTCCACAACTGGAAGGATTTTCAGCTGAATCAAGAAAACTGCTTCTTATCGTTCAGGCTCTTAGGGACAACCTGGAACCTGGGACCTTTGATCTTGGGGGGCTATATGAAGCAATTGAGGAGTGCCTGATTAATGATCCCTGGGTTTTGCTTAATGCTTCTTGGTTCAACTCCTTCCTCACACATGCATTGAGATAG
CY010793.1	358	1793	-	2151	715	42.91027429102743	42.23776223776224	AGTCACTTCAACAAATCGAGAGT	GAATAGATT	-17.2536402245	-11.1462225566	ATGGATAGCAAATAGTAGCATTGCCACAACTATCTCAATGCATGTGTGAGGAAGGAGTTGAACCAAGAAGCATTAAGCAAAACCCAGGGATCATTAATCAGGCACTCCTCAATTGCTTCATATAGCCCCCCAAGATCAAAGGTCCCAGGTTCCAGGTTGTCCCTAAGAGCCTGAACGATAAGAAGCAGTTTTCTTGATTCAGCTGAAAATCCTTCCAGTTGTGGAGATGCATACAAGCTGTTGAATACCGACTTTGCCAATAAAGTTCTGCAGACCTTCCCAATGGAACCTTCCTCCACTCCTTTGGGGGACTCTCCAACGGGCCATGTTTCTGATTTGTTTTCAAAGAACTCTTTGGTCATGTCTTTCTCCTTGACAGAGGACTCAGCTTCAATCATACTCTCGATTTGTTGAAGTGACTGAAGGAGGCAACGCCTCATTTCCATCCCCCATTTCATTTTAATTTTTGAGGTTCCATTTGTCCTCACATACAAGAACATAGGCCTTGACACATGGCCTATGGCACTTCTTAGAAGCATATCTCCTACCTCAAGAACACAGTACTTCTCCCATTTGTGTGGTTCAAGTCTTGGGTCAGTGAGGGAAAACTCCATGCTCACAAAGTTTACCACATCGGTGTCATTCCTTAAGTGGGATCTTCCTTTTATGATGAAACCGTACAAATTGGTCTTTCGCCTTCCCTCCTTAGTTCTACACTTGCTTATCATTGGAATCAATTGGAAATCATCCATTGCTGCACAGGATGCATTAAGCAAGGCAGTATTGATGTACACCCCCTTCATTATGTATTCTGTGGCTCTGCAATGAGACACCTCTGCTGTGAAATAATTCCTTCTCATGCTTGCAATGTGTTCAATTGGAGCCGCATCTTCTCCAATCTCATCGAGCTCTATCCAGCTTGAATCGGTCAGTTCACATGCCTTGTTGAACTCATTCTGAATCCAACTTGCAAGCGACCTCAATTCTGGTTCATCACTATCATATTGCTTCAAATCGCCTACATCTTTACAATCGTCAAAGTCTACCTTTTCTGGTGCCATGTTCTCACCAAGTGCCCACTTTAACTGACTCGTTTTCTTCATATTTTTAGTCCTTGGAATTTTCTCCTCATTCTCAATGTCCTGCAGTTCTGCCAGTACTTGCTTCCATGACAGAAGATAATTTGGATTTATTCCCTTTTCGTGTGGTTTAACAACATTGGGTTCCTTCCATCCAAAGAATGTTCTCATGCATTTGATTGCATCATATAGCGGTATCCCCTCTCCCTCATGACTTGGGTCCTCAATGCTTAATTTTAAGGCATCCATCAGCAGGAATTTGGACCGCTGAGAACAGGGAGGCCCATCCGGAAGTCTAAGTGGTCGTGGTGTTGATTTCAAAAAAGGTTCAATTCTAGCATTTACTTCTTTGGACATTTGAGAAAGCTTGCCCTCAATGTAGCCGTTCGGTTCGAATCCATCCACATAGGCTCTAAAATTTTCAAGGCTGGAGAAGTTTGGCGGGAGACTTTGGTCGGCAAGCTTGCGCATTGTTCCTGTGATTTCAAATCTTTCTTCAATTGTCTCTTCGCCTCTCTCGGACTGACGAAAGGAATCCCAGAGGCCTCTGCTAGCCATTTCTTGTCTTATGGTGAATAGCCTGGTTTTGATCCTAGCCCTGCTTTCTTCATCGAGAGTGTAGTCGGCCTTTGTGGCCATTTCCTCCCCAGTGAATGAGAAAATGTGGATGTGTGTCTTCTCAGATTTAATTTTATTGGCCTTTTCCAGATAGTATATGTGAACTTCTCTCCTTGTTACTCCAATTTCGATGAATCTATTCTTCTTGTAATCATACAAATCTGGTAGAAACTTTGGTTTCTCAGCCCCTGTAGTGTTGCAAATACTGTTTATTACTGTCCAGGCTATTGTGCGATCTCTTCCCTCGATTATTTCAAATCTGTGCTTCAAAAGTGCATTTGGATCGCCAAGTTCTACGACTATTGACTCGCCTTGCTCATCGATGAAGTGAAAATCTGAATACATGAAGCACACTTCCAAGTGAGTGCATATTGCTGCAAATTTGTTTGTTTCGATTTTCAGGTCCTCTCCATACTCTTTCATTGCCTTTTCCGCAAGCTCGACAATCATCGGA	ATGGATAGCAAATAGTAGCATTGCCACAACTATCTCAATGCATGTGTGAGGAAGGAGTTGAACCAAGAAGCATTAAGCAAAACCCAGGGATCATTAATCAGGCACTCCTCAATTGCTTCATATAGCCCCCCAAGATCAAAGGTCCCAGGTTCCAGGTTGTCCCTAAGAGCCTGAACGATAAGAAGCAGTTTTCTTGATTCAGCTGAAAATCCTTCCAGTTGTGGAGATGCATACAAGCTGTTGAATACCGACTTTGCCAATAAAGTTCTGCAGACCTTCCCAATGGAACCTTCCTCCACTCCTTTGGGGGACTCTCCAACGGGCCATGTTTCTGATTTGTTTTCTTTCCAGATAGTATATGTGAACTTCTCTCCTTGTTACTCCAATTTCGATGAATCTATTCTTCTTGTAATCATACAAATCTGGTAGAAACTTTGGTTTCTCAGCCCCTGTAGTGTTGCAAATACTGTTTATTACTGTCCAGGCTATTGTGCGATCTCTTCCCTCGATTATTTCAAATCTGTGCTTCAAAAGTGCATTTGGATCGCCAAGTTCTACGACTATTGACTCGCCTTGCTCATCGATGAAGTGAAAATCTGAATACATGAAGCACACTTCCAAGTGAGTGCATATTGCTGCAAATTTGTTTGTTTCGATTTTCAGGTCCTCTCCATACTCTTTCATTGCCTTTTCCGCAAGCTCGACAATCATCGGA
CY010793.1	1855	2015	+	2151	1990	42.91027429102743	42.71356783919598	AATCAAGAAAACTGCTTCTTATC	AAACAAATC	-15.8250320174	-17.98773281	ATGGAAGATTTTGTGCGACAATGCTTCAATCCGATGATTGTCGAGCTTGCGGAAAAGGCAATGAAAGAGTATGGAGAGGACCTGAAAATCGAAACAAACAAATTTGCAGCAATATGCACTCACTTGGAAGTGTGCTTCATGTATTCAGATTTTCACTTCATCGATGAGCAAGGCGAGTCAATAGTCGTAGAACTTGGCGATCCAAATGCACTTTTGAAGCACAGATTTGAAATAATCGAGGGAAGAGATCGCACAATAGCCTGGACAGTAATAAACAGTATTTGCAACACTACAGGGGCTGAGAAACCAAAGTTTCTACCAGATTTGTATGATTACAAGAAGAATAGATTCATCGAAATTGGAGTAACAAGGAGAGAAGTTCACATATACTATCTGGAAAAGGCCAATAAAATTAAATCTGAGAAGACACACATCCACATTTTCTCATTCACTGGGGAGGAAATGGCCACAAAGGCCGACTACACTCTCGATGAAGAAAGCAGGGCTAGGATCAAAACCAGGCTATTCACCATAAGACAAGAAATGGCTAGCAGAGGCCTCTGGGATTCCTTTCGTCAGTCCGAGAGAGGCGAAGAGACAATTGAAGAAAGATTTGAAATCACAGGAACAATGCGCAAGCTTGCCGACCAAAGTCTCCCGCCAAACTTCTCCAGCCTTGAAAATTTTAGAGCCTATGTGGATGGATTCGAACCGAACGGCTACATTGAGGGCAAGCTTTCTCAAATGTCCAAAGAAGTAAATGCTAGAATTGAACCTTTTTTGAAATCAACACCACGACCACTTAGACTTCCGGATGGGCCTCCCTGTTCTCAGCGGTCCAAATTCCTGCTGATGGATGCCTTAAAATTAAGCATTGAGGACCCAAGTCATGAGGGAGAGGGGATACCGCTATATGATGCAATCAAATGCATGAGAACATTCTTTGGATGGAAGGAACCCAATGTTGTTAAACCACACGAAAAGGGAATAAATCCAAATTATCTTCTGTCATGGAAGCAAGTACTGGCAGAACTGCAGGACATTGAGAATGAGGAGAAAATTCCAAGGACTAAAAATATGAAGAAAACGAGTCAGTTAAAGTGGGCACTTGGTGAGAACATGGCACCAGAAAAGGTAGACTTTGACGATTGTAAAGATGTAGGCGATTTGAAGCAATATGATAGTGATGAACCAGAATTGAGGTCGCTTGCAAGTTGGATTCAGAATGAGTTCAACAAGGCATGTGAACTGACCGATTCAAGCTGGATAGAGCTCGATGAGATTGGAGAAGATGCGGCTCCAATTGAACACATTGCAAGCATGAGAAGGAATTATTTCACAGCAGAGGTGTCTCATTGCAGAGCCACAGAATACATAATGAAGGGGGTGTACATCAATACTGCCTTGCTTAATGCATCCTGTGCAGCAATGGATGATTTCCAATTGATTCCAATGATAAGCAAGTGTAGAACTAAGGAGGGAAGGCGAAAGACCAATTTGTACGGTTTCATCATAAAAGGAAGATCCCACTTAAGGAATGACACCGATGTGGTAAACTTTGTGAGCATGGAGTTTTCCCTCACTGACCCAAGACTTGAACCACACAAATGGGAGAAGTACTGTGTTCTTGAGGTAGGAGATATGCTTCTAAGAAGTGCCATAGGCCATGTGTCAAGGCCTATGTTCTTGTATGTGAGGACAAATGGAACCTCAAAAATTAAAATGAAATGGGGGATGGAAATGAGGCGTTGCCTCCTTCAGTCACTTCAACAAATCGAGAGTATGATTGAAGCTGAGTCCTCTGTCAAGGAGAAAGACATGACCAAAGAGTTCTTTGAAAACAAATCAGAAACATGGCCCGTTGGAGAGTCCCCCAAAGGAGTGGAGGAAGGTTCCATTGGGAAGGTCTGCAGAACTTTATTGGCAAAGTCGGTATTCAACAGCTTGTATGCATCTCCACAACTGGAAGGATTTTCAGCTGAATCAAGAAAACTGCTTCTTATCGTTCAGGCTCTTAGGGACAACCTGGAACCTGGGACCTTTGATCTTGGGGGGCTATATGAAGCAATTGAGGAGTGCCTGATTAATGATCCCTGGGTTTTGCTTAATGCTTCTTGGTTCAACTCCTTCCTCACACATGCATTGAGATAG	ATGGAAGATTTTGTGCGACAATGCTTCAATCCGATGATTGTCGAGCTTGCGGAAAAGGCAATGAAAGAGTATGGAGAGGACCTGAAAATCGAAACAAACAAATTTGCAGCAATATGCACTCACTTGGAAGTGTGCTTCATGTATTCAGATTTTCACTTCATCGATGAGCAAGGCGAGTCAATAGTCGTAGAACTTGGCGATCCAAATGCACTTTTGAAGCACAGATTTGAAATAATCGAGGGAAGAGATCGCACAATAGCCTGGACAGTAATAAACAGTATTTGCAACACTACAGGGGCTGAGAAACCAAAGTTTCTACCAGATTTGTATGATTACAAGAAGAATAGATTCATCGAAATTGGAGTAACAAGGAGAGAAGTTCACATATACTATCTGGAAAAGGCCAATAAAATTAAATCTGAGAAGACACACATCCACATTTTCTCATTCACTGGGGAGGAAATGGCCACAAAGGCCGACTACACTCTCGATGAAGAAAGCAGGGCTAGGATCAAAACCAGGCTATTCACCATAAGACAAGAAATGGCTAGCAGAGGCCTCTGGGATTCCTTTCGTCAGTCCGAGAGAGGCGAAGAGACAATTGAAGAAAGATTTGAAATCACAGGAACAATGCGCAAGCTTGCCGACCAAAGTCTCCCGCCAAACTTCTCCAGCCTTGAAAATTTTAGAGCCTATGTGGATGGATTCGAACCGAACGGCTACATTGAGGGCAAGCTTTCTCAAATGTCCAAAGAAGTAAATGCTAGAATTGAACCTTTTTTGAAATCAACACCACGACCACTTAGACTTCCGGATGGGCCTCCCTGTTCTCAGCGGTCCAAATTCCTGCTGATGGATGCCTTAAAATTAAGCATTGAGGACCCAAGTCATGAGGGAGAGGGGATACCGCTATATGATGCAATCAAATGCATGAGAACATTCTTTGGATGGAAGGAACCCAATGTTGTTAAACCACACGAAAAGGGAATAAATCCAAATTATCTTCTGTCATGGAAGCAAGTACTGGCAGAACTGCAGGACATTGAGAATGAGGAGAAAATTCCAAGGACTAAAAATATGAAGAAAACGAGTCAGTTAAAGTGGGCACTTGGTGAGAACATGGCACCAGAAAAGGTAGACTTTGACGATTGTAAAGATGTAGGCGATTTGAAGCAATATGATAGTGATGAACCAGAATTGAGGTCGCTTGCAAGTTGGATTCAGAATGAGTTCAACAAGGCATGTGAACTGACCGATTCAAGCTGGATAGAGCTCGATGAGATTGGAGAAGATGCGGCTCCAATTGAACACATTGCAAGCATGAGAAGGAATTATTTCACAGCAGAGGTGTCTCATTGCAGAGCCACAGAATACATAATGAAGGGGGTGTACATCAATACTGCCTTGCTTAATGCATCCTGTGCAGCAATGGATGATTTCCAATTGATTCCAATGATAAGCAAGTGTAGAACTAAGGAGGGAAGGCGAAAGACCAATTTGTACGGTTTCATCATAAAAGGAAGATCCCACTTAAGGAATGACACCGATGTGGTAAACTTTGTGAGCATGGAGTTTTCCCTCACTGACCCAAGACTTGAACCACACAAATGGGAGAAGTACTGTGTTCTTGAGGTAGGAGATATGCTTCTAAGAAGTGCCATAGGCCATGTGTCAAGGCCTATGTTCTTGTATGTGAGGACAAATGGAACCTCAAAAATTAAAATGAAATGGGGGATGGAAATGAGGCGTTGCCTCCTTCAGTCACTTCAACAAATCGAGAGTATGATTGAAGCTGAGTCCTCTGTCAAGGAGAAAGACATGACCAAAGAGTTCTTTGAAAATCGTTCAGGCTCTTAGGGACAACCTGGAACCTGGGACCTTTGATCTTGGGGGGCTATATGAAGCAATTGAGGAGTGCCTGATTAATGATCCCTGGGTTTTGCTTAATGCTTCTTGGTTCAACTCCTTCCTCACACATGCATTGAGATAG
CY010792.1	43	516	+	838	364	45.22673031026253	39.56043956043956	ACCACTGCCCTCTCTTCCAGGAC	TCAGGTAGA	-13.2898327274	12.9763915372	ATGGATCCAAACACTGTGTCAAGCTTTCAGGTAGATTGCTTTCTTTGGCATGTCCGCAAAAGAGTTGCAGACCAAGAACTAGGTGATGCCCCATTCCTTGATCGGCTTCGCCGAGATCAGAAGTCCCTAAGAGGAAGAGGCAGCACTCTCGGTCTGGACATCGAAACAGCCACCCGTGCTGGAAAGCAAATAGTGGAGCGGATTCTGAAGGAAGAATCTGATGAGGCACTCAAAATGACCATGGCCTCTGTACCTGCATCGCGCTACCTAACTGACATGACTCTTGAGGAAATGTCAAGGCACTGGTTCATGCTCATGCCCAAGCAGAAAGTGGCAGGCCCTCTTTGTATCAGAATGGACCAGGCGATCATGGATAAGAACATCATACTGAAAGCGAACTTCAGTGTGATTTTTGACCGGCTGGAGACTCTAATATTACTAAGGGCCTTCACCGAAGAGGGGACAATTGTTGGCGAAATTTCACCACTGCCCTCTCTTCCAGGACATACTGATGAGGATGTCAAAAATGCAGTTGGGGTCCTCATCGGAGGACTTGAATGGAATAATAACACAGTTCGAGTCTCTGAAACTCTACAGAGATTCGCTTGGAGAAGCAGTAATGAGAATGGGAGACCTCCACTCACTCCAAAACAGAAACGGAAAATGGCGGGAACAATTAGGTCAGAAGTTTGAAGAAATAAGATGGTTGATTGAAGAAGTGAGACACAGACTGAAGATAACAGAGAATAGTTTTGAGCAAATAACATTTATGCAAGCCTTACAACTATTGCTTGAAGTGGAGCAAGAGATAAGAACTTTCTCGTTTCAGCTTATTTAA	ATGGATCCAAACACTGTGTCAAGCTTTCAACATACTGATGAGGATGTCAAAAATGCAGTTGGGGTCCTCATCGGAGGACTTGAATGGAATAATAACACAGTTCGAGTCTCTGAAACTCTACAGAGATTCGCTTGGAGAAGCAGTAATGAGAATGGGAGACCTCCACTCACTCCAAAACAGAAACGGAAAATGGCGGGAACAATTAGGTCAGAAGTTTGAAGAAATAAGATGGTTGATTGAAGAAGTGAGACACAGACTGAAGATAACAGAGAATAGTTTTGAGCAAATAACATTTATGCAAGCCTTACAACTATTGCTTGAAGTGGAGCAAGAGATAAGAACTTTCTCGTTTCAGCTTATTTAA
CY010789.1	40	729	+	982	292	46.94501018329939	42.12328767123288	ATCTTCTTGAAAATTTGCAGGCC	AAACGTACG	-25.81608517	6.29669613108	ATGAGTCTTCTAACCGAGGTCGAAACGTACGTTCTCTCTATCGTCCCGTCAGGCCCCCTCAAAGCCGAGATCGCACAGAGACTTGAAGATGTCTTTGCAGGGAAGAACACCGATCTTGAGGTTCTCATGGAATGGCTAAAGACAAGACCAATCCTGTCACCTCTGACTAAGGGGATTTTAGGATTTGTGTTCACGCTCACCGTGCCCAGTGAGCGGGGACTGCAGCGTAGACGCTTTGTCCAAAATGCTCTTAATGGGAACGGAGATCCAAATAACATGGACAAAGCAGTTAAACTGTATAGGAAGCTTAAGAGGGAGATAACATTCCATGGGGCCAAAGAAATAGCACTCAGTTATTCTGCTGGTGCACTTGCCAGTTGTATGGGCCTCATATACAACAGGATGGGGGCTGTGACCACTGAAGTGGCATTTGGCCTGGTATGCGCAACCTGTGAACAGATTGCTGACTCCCAGCATCGGTCTCATAGGCAAATGGTGACAACAACCAATCCACTAATCAGACATGAGAACAGAATGGTTCTAGCCAGCACTACAGCTAAGGCTATGGAGCAAATGGCTGGATCGAGTGAGCAAGCAGCAGAGGCCATGGATATTGCTAGTCAGGCCAGGCAAATGGTGCAGGCGATGAGAACCATTGGGACTCATCCTAGCTCCAGTGCTGGTCTAAAAGATGATCTTCTTGAAAATTTGCAGGCCTATCAGAAACGAATGGGGGTGCAGATGCAACGATTCAAGTGATCCTCTCGTCATTGCAGCAAATATCATTGGAATCTTGCACTTGATATTGTGGATTCTTGATCGTCTTTTTTTCAAATGCATTTATCGTCGCTTTAAATACGGTTTGAAAAGAGGGCCTTCTACGGAAGGAGTGCCAGAGTCTATGAGGGAAGAATATCGAAAGGAACAGCAGAATGCTGTGGATGTTGACGATGGTCATTTTGTCAACATAGAGCTGGAGTAA	ATGAGTCTTCTAACCGAGGTCGAAACCTATCAGAAACGAATGGGGGTGCAGATGCAACGATTCAAGTGATCCTCTCGTCATTGCAGCAAATATCATTGGAATCTTGCACTTGATATTGTGGATTCTTGATCGTCTTTTTTTCAAATGCATTTATCGTCGCTTTAAATACGGTTTGAAAAGAGGGCCTTCTACGGAAGGAGTGCCAGAGTCTATGAGGGAAGAATATCGAAAGGAACAGCAGAATGCTGTGGATGTTGACGATGGTCATTTTGTCAACATAGAGCTGGAGTAA
CY010789.1	134	729	+	982	386	46.94501018329939	44.81865284974093	ATCTTCTTGAAAATTTGCAGGCC	TGAGGTTCT	-27.7370142274	6.29669613108	ATGAGTCTTCTAACCGAGGTCGAAACGTACGTTCTCTCTATCGTCCCGTCAGGCCCCCTCAAAGCCGAGATCGCACAGAGACTTGAAGATGTCTTTGCAGGGAAGAACACCGATCTTGAGGTTCTCATGGAATGGCTAAAGACAAGACCAATCCTGTCACCTCTGACTAAGGGGATTTTAGGATTTGTGTTCACGCTCACCGTGCCCAGTGAGCGGGGACTGCAGCGTAGACGCTTTGTCCAAAATGCTCTTAATGGGAACGGAGATCCAAATAACATGGACAAAGCAGTTAAACTGTATAGGAAGCTTAAGAGGGAGATAACATTCCATGGGGCCAAAGAAATAGCACTCAGTTATTCTGCTGGTGCACTTGCCAGTTGTATGGGCCTCATATACAACAGGATGGGGGCTGTGACCACTGAAGTGGCATTTGGCCTGGTATGCGCAACCTGTGAACAGATTGCTGACTCCCAGCATCGGTCTCATAGGCAAATGGTGACAACAACCAATCCACTAATCAGACATGAGAACAGAATGGTTCTAGCCAGCACTACAGCTAAGGCTATGGAGCAAATGGCTGGATCGAGTGAGCAAGCAGCAGAGGCCATGGATATTGCTAGTCAGGCCAGGCAAATGGTGCAGGCGATGAGAACCATTGGGACTCATCCTAGCTCCAGTGCTGGTCTAAAAGATGATCTTCTTGAAAATTTGCAGGCCTATCAGAAACGAATGGGGGTGCAGATGCAACGATTCAAGTGATCCTCTCGTCATTGCAGCAAATATCATTGGAATCTTGCACTTGATATTGTGGATTCTTGATCGTCTTTTTTTCAAATGCATTTATCGTCGCTTTAAATACGGTTTGAAAAGAGGGCCTTCTACGGAAGGAGTGCCAGAGTCTATGAGGGAAGAATATCGAAAGGAACAGCAGAATGCTGTGGATGTTGACGATGGTCATTTTGTCAACATAGAGCTGGAGTAA	ATGAGTCTTCTAACCGAGGTCGAAACGTACGTTCTCTCTATCGTCCCGTCAGGCCCCCTCAAAGCCGAGATCGCACAGAGACTTGAAGATGTCTTTGCAGGGAAGAACACCGATCTTGACCTATCAGAAACGAATGGGGGTGCAGATGCAACGATTCAAGTGATCCTCTCGTCATTGCAGCAAATATCATTGGAATCTTGCACTTGATATTGTGGATTCTTGATCGTCTTTTTTTCAAATGCATTTATCGTCGCTTTAAATACGGTTTGAAAAGAGGGCCTTCTACGGAAGGAGTGCCAGAGTCTATGAGGGAAGAATATCGAAAGGAACAGCAGAATGCTGTGGATGTTGACGATGGTCATTTTGTCAACATAGAGCTGGAGTAA
